date,usd_toman,gold_18k_toman,source
2013-07-22,3120.0,100000.0,tgju
2013-07-23,3165.0,103000.0,tgju
2013-07-24,3160.0,102000.0,tgju
2013-07-27,3180.0,104000.0,tgju
2013-07-28,3170.0,103000.0,tgju
2013-07-31,3180.0,103000.0,tgju
2013-08-03,3240.0,104000.0,tgju
2013-08-04,3200.0,103000.0,tgju
2013-08-05,3190.0,102000.0,tgju
2013-08-06,3225.0,102000.0,tgju
2013-08-07,3215.0,103000.0,tgju
2013-08-11,3225.0,105000.0,tgju
2013-08-12,3195.0,104000.0,tgju
2013-08-13,3195.0,104000.0,tgju
2013-08-14,3200.0,104000.0,tgju
2013-08-17,3158.0,106000.0,tgju
2013-08-18,3145.0,106000.0,tgju
2013-08-19,3100.0,106000.0,tgju
2013-08-20,3095.0,104000.0,tgju
2013-08-21,3120.0,104000.0,tgju
2013-08-24,3120.0,105000.0,tgju
2013-08-25,3125.0,106000.0,tgju
2013-08-26,3175.0,106000.0,tgju
2013-08-27,3300.0,113000.0,tgju
2013-08-28,3240.0,110000.0,tgju
2013-08-31,3240.0,112000.0,tgju
2013-09-03,3305.0,114000.0,tgju
2013-09-04,3320.0,113000.0,tgju
2013-09-07,3290.0,111000.0,tgju
2013-09-08,3285.0,112000.0,tgju
2013-09-09,3200.0,110000.0,tgju
2013-09-10,3180.0,107000.0,tgju
2013-09-11,3180.0,105000.0,tgju
2013-09-14,3170.0,101000.0,tgju
2013-09-15,3130.0,102000.0,tgju
2013-09-16,3060.0,98300.0,tgju
2013-09-17,3080.0,98000.0,tgju
2013-09-18,3080.0,102000.0,tgju
2013-09-21,2930.0,95000.0,tgju
2013-09-22,2935.0,95000.0,tgju
2013-09-23,2935.0,94000.0,tgju
2013-09-24,3070.0,99000.0,tgju
2013-09-25,3050.0,99000.0,tgju
2013-09-28,3065.0,99000.0,tgju
2013-09-29,3035.0,100000.0,tgju
2013-09-30,3055.0,99000.0,tgju
2013-10-01,3055.0,97000.0,tgju
2013-10-02,3035.0,98000.0,tgju
2013-10-05,3055.0,99000.0,tgju
2013-10-06,3045.0,98000.0,tgju
2013-10-07,3050.0,99000.0,tgju
2013-10-08,3035.0,98000.0,tgju
2013-10-09,3040.0,98000.0,tgju
2013-10-12,3015.0,95000.0,tgju
2013-10-13,3035.0,95000.0,tgju
2013-10-14,3035.0,96000.0,tgju
2013-10-19,3015.0,98000.0,tgju
2013-10-20,2995.0,97000.0,tgju
2013-10-21,3010.0,97200.0,tgju
2013-10-22,3010.0,98800.0,tgju
2013-10-26,3010.0,99000.0,tgju
2013-10-27,3010.0,99000.0,tgju
2013-10-28,3015.0,99000.0,tgju
2013-10-29,3005.0,99000.0,tgju
2013-10-30,3005.0,99000.0,tgju
2013-11-02,3040.0,97000.0,tgju
2013-11-03,3030.0,98000.0,tgju
2013-11-04,3010.0,97000.0,tgju
2013-11-05,3018.0,97000.0,tgju
2013-11-06,3015.0,97000.0,tgju
2013-11-09,3025.0,95000.0,tgju
2013-11-10,3015.0,95000.0,tgju
2013-11-11,3018.0,95000.0,tgju
2013-11-16,3010.0,95000.0,tgju
2013-11-17,3003.0,94000.0,tgju
2013-11-18,3007.0,93000.0,tgju
2013-11-19,3005.0,94000.0,tgju
2013-11-20,3010.0,92000.0,tgju
2013-11-23,2940.0,91000.0,tgju
2013-11-24,2915.0,85000.0,tgju
2013-11-25,2975.0,88000.0,tgju
2013-11-26,2990.0,88000.0,tgju
2013-11-27,2962.0,89000.0,tgju
2013-11-30,2953.0,90000.0,tgju
2013-12-01,2953.0,89000.0,tgju
2013-12-02,2945.0,88000.0,tgju
2013-12-03,2955.0,88000.0,tgju
2013-12-04,2952.0,89000.0,tgju
2013-12-07,2946.0,88000.0,tgju
2013-12-08,2942.0,89000.0,tgju
2013-12-09,2948.0,89000.0,tgju
2013-12-10,2939.0,90000.0,tgju
2013-12-11,2935.0,90000.0,tgju
2013-12-14,2952.0,90000.0,tgju
2013-12-15,2947.0,89000.0,tgju
2013-12-16,2944.0,89000.0,tgju
2013-12-17,2949.0,89000.0,tgju
2013-12-18,2945.0,89000.0,tgju
2013-12-21,2956.0,87000.0,tgju
2013-12-24,2967.0,88000.0,tgju
2013-12-28,3015.0,89000.0,tgju
2013-12-29,3006.0,89000.0,tgju
2013-12-30,3007.0,89000.0,tgju
2014-01-04,2974.0,90000.0,tgju
2014-01-05,2980.0,90000.0,tgju
2014-01-06,2985.0,90000.0,tgju
2014-01-07,2990.0,90000.0,tgju
2014-01-08,2980.0,90000.0,tgju
2014-01-11,2979.0,91000.0,tgju
2014-01-12,2956.0,89000.0,tgju
2014-01-13,2963.0,90000.0,tgju
2014-01-14,2957.0,89000.0,tgju
2014-01-15,2957.0,89000.0,tgju
2014-01-18,2936.0,89000.0,tgju
2014-01-20,2934.0,87800.0,tgju
2014-01-21,2951.0,87800.0,tgju
2014-01-22,2940.0,88200.0,tgju
2014-01-25,2945.0,88200.0,tgju
2014-01-26,2949.0,88850.0,tgju
2014-01-27,2948.0,88340.0,tgju
2014-01-28,2942.0,88440.0,tgju
2014-01-29,2935.0,88680.0,tgju
2014-02-01,2946.0,89062.0,tgju
2014-02-02,2954.0,89224.0,tgju
2014-02-03,2947.0,89755.0,tgju
2014-02-04,2951.0,89593.0,tgju
2014-02-05,2959.0,89847.0,tgju
2014-02-06,2960.0,89893.0,tgju
2014-02-08,2946.0,90632.0,tgju
2014-02-09,2951.0,90216.0,tgju
2014-02-10,2950.0,90771.0,tgju
2014-02-12,2952.0,92894.0,tgju
2014-02-13,2953.0,93287.0,tgju
2014-02-15,2948.0,95572.0,tgju
2014-02-16,2952.0,95341.0,tgju
2014-02-17,2952.0,96034.0,tgju
2014-02-18,2952.0,95480.0,tgju
2014-02-19,2953.0,95572.0,tgju
2014-02-20,2950.0,95111.0,tgju
2014-02-22,2960.0,95803.0,tgju
2014-02-23,2984.0,95780.0,tgju
2014-02-24,2990.0,97511.0,tgju
2014-02-25,2988.0,98273.0,tgju
2014-02-26,3009.0,96957.0,tgju
2014-02-27,3010.0,97488.0,tgju
2014-03-01,3059.0,97835.0,tgju
2014-03-02,3107.0,98319.0,tgju
2014-03-03,3064.0,101230.0,tgju
2014-03-04,3052.0,98989.0,tgju
2014-03-05,3049.0,99312.0,tgju
2014-03-06,3046.0,99774.0,tgju
2014-03-08,3044.0,98573.0,tgju
2014-03-09,3071.0,98850.0,tgju
2014-03-10,3055.0,99381.0,tgju
2014-03-11,3037.0,99035.0,tgju
2014-03-12,3036.0,99381.0,tgju
2014-03-13,3044.0,99958.0,tgju
2014-03-15,3020.0,100070.0,tgju
2014-03-16,2996.0,100000.0,tgju
2014-03-17,3000.0,98850.0,tgju
2014-03-18,3014.0,97673.0,tgju
2014-03-19,3017.0,97073.0,tgju
2014-03-25,3050.0,97073.0,tgju
2014-03-26,3058.0,97188.0,tgju
2014-03-27,3057.0,96957.0,tgju
2014-03-29,3049.0,96542.0,tgju
2014-03-30,3064.0,96542.0,tgju
2014-03-31,3063.0,96680.0,tgju
2014-04-05,3043.0,97073.0,tgju
2014-04-06,3058.0,96888.0,tgju
2014-04-07,3090.0,97027.0,tgju
2014-04-08,3080.0,98804.0,tgju
2014-04-09,3081.0,98273.0,tgju
2014-04-10,3079.0,99035.0,tgju
2014-04-12,3121.0,99266.0,tgju
2014-04-13,3130.0,99958.0,tgju
2014-04-14,3180.0,100770.0,tgju
2014-04-15,3156.0,100190.0,tgju
2014-04-16,3171.0,100420.0,tgju
2014-04-17,3173.0,100070.0,tgju
2014-04-19,3209.0,100190.0,tgju
2014-04-20,3240.0,100420.0,tgju
2014-04-21,3316.0,100770.0,tgju
2014-04-22,3265.0,102840.0,tgju
2014-04-23,3254.0,102743.0,tgju
2014-04-26,3335.0,103280.0,tgju
2014-04-27,3282.0,105730.0,tgju
2014-04-28,3295.0,103929.0,tgju
2014-04-29,3298.0,103652.0,tgju
2014-04-30,3310.0,103341.0,tgju
2014-05-01,3313.0,103537.0,tgju
2014-05-03,3278.0,104322.0,tgju
2014-05-04,3314.0,104033.0,tgju
2014-05-05,3304.0,104172.0,tgju
2014-05-06,3291.0,103295.0,tgju
2014-05-07,3290.0,102186.0,tgju
2014-05-08,3287.0,101621.0,tgju
2014-05-10,3236.0,99451.0,tgju
2014-05-11,3249.0,99982.0,tgju
2014-05-12,3248.0,100536.0,tgju
2014-05-14,3245.0,100847.0,tgju
2014-05-15,3293.0,100743.0,tgju
2014-05-17,3276.0,101228.0,tgju
2014-05-18,3282.0,101378.0,tgju
2014-05-19,3294.0,100582.0,tgju
2014-05-20,3290.0,100951.0,tgju
2014-05-21,3287.0,100778.0,tgju
2014-05-25,3283.0,100628.0,tgju
2014-05-28,3278.0,97835.0,tgju
2014-05-31,3281.0,97893.0,tgju
2014-06-01,3282.0,97719.0,tgju
2014-06-02,3280.0,98008.0,tgju
2014-06-07,3245.0,96485.0,tgju
2014-06-08,3232.0,96715.0,tgju
2014-06-09,3240.0,95953.0,tgju
2014-06-10,3240.0,97200.0,tgju
2014-06-11,3245.0,97258.0,tgju
2014-06-14,3212.0,97662.0,tgju
2014-06-15,3179.0,97546.0,tgju
2014-06-16,3204.0,96542.0,tgju
2014-06-17,3193.0,96992.0,tgju
2014-06-18,3211.0,97050.0,tgju
2014-06-21,3192.0,99486.0,tgju
2014-06-22,3172.0,99151.0,tgju
2014-06-23,3167.0,98862.0,tgju
2014-06-24,3167.0,98724.0,tgju
2014-06-25,3165.0,98655.0,tgju
2014-06-28,3118.0,98158.7,tgju
2014-06-29,3114.0,98484.2,tgju
2014-06-30,3118.0,97988.7,tgju
2014-07-01,3133.0,97900.6,tgju
2014-07-02,3127.0,98543.2,tgju
2014-07-05,3095.0,96923.0,tgju
2014-07-06,3126.0,96761.0,tgju
2014-07-07,3118.0,97385.0,tgju
2014-07-08,3105.0,97512.0,tgju
2014-07-09,3102.0,98066.0,tgju
2014-07-12,3136.0,98573.0,tgju
2014-07-13,3123.0,97870.0,tgju
2014-07-14,3117.0,97119.0,tgju
2014-07-15,3136.0,96785.0,tgju
2014-07-16,3143.0,97350.0,tgju
2014-07-20,3133.0,97189.0,tgju
2014-07-21,3133.0,96877.0,tgju
2014-07-22,3133.0,96981.0,tgju
2014-07-23,3139.0,96808.0,tgju
2014-07-26,3137.0,97512.0,tgju
2014-07-27,3129.0,97327.0,tgju
2014-07-30,3123.1,96950.4,tgju
2014-08-02,3140.0,97246.0,tgju
2014-08-03,3142.0,97454.0,tgju
2014-08-04,3140.0,97189.0,tgju
2014-08-05,3140.0,97293.0,tgju
2014-08-06,3132.0,97385.0,tgju
2014-08-09,3122.0,97904.0,tgju
2014-08-10,3125.0,97558.0,tgju
2014-08-11,3119.0,97664.0,tgju
2014-08-12,3127.0,97558.0,tgju
2014-08-13,3118.0,97664.0,tgju
2014-08-16,3102.0,96982.0,tgju
2014-08-17,3107.0,96751.0,tgju
2014-08-18,3105.0,96809.0,tgju
2014-08-19,3093.0,96578.0,tgju
2014-08-20,3092.0,95655.0,tgju
2014-08-23,3116.0,96347.0,tgju
2014-08-24,3133.0,96290.0,tgju
2014-08-25,3127.0,96751.0,tgju
2014-08-26,3130.0,96578.0,tgju
2014-08-27,3130.0,96866.0,tgju
2014-08-30,3150.0,97328.0,tgju
2014-08-31,3148.0,97155.0,tgju
2014-09-01,3173.0,96866.0,tgju
2014-09-02,3172.0,96866.0,tgju
2014-09-03,3181.0,96866.0,tgju
2014-09-06,3168.0,96520.0,tgju
2014-09-07,3198.0,96693.0,tgju
2014-09-08,3175.0,96463.0,tgju
2014-09-09,3179.0,96290.0,tgju
2014-09-10,3184.0,96117.0,tgju
2014-09-13,3191.0,94560.0,tgju
2014-09-14,3198.0,95079.0,tgju
2014-09-15,3192.0,95655.0,tgju
2014-09-17,3201.0,95655.0,tgju
2014-09-20,3167.0,93810.0,tgju
2014-09-21,3171.0,93753.0,tgju
2014-09-22,3188.0,94502.0,tgju
2014-09-23,3194.0,94963.0,tgju
2014-09-24,3200.0,94329.0,tgju
2014-09-27,3264.0,96232.0,tgju
2014-09-28,3235.0,96174.0,tgju
2014-09-29,3241.0,95540.0,tgju
2014-09-30,3243.0,95540.0,tgju
2014-10-01,3240.0,95250.6,tgju
2014-10-06,3239.0,95540.0,tgju
2014-10-07,3237.0,96059.0,tgju
2014-10-08,3248.0,96808.0,tgju
2014-10-11,3250.0,96116.0,tgju
2014-10-14,3244.0,96117.0,tgju
2014-10-15,3250.0,96405.0,tgju
2014-10-18,3234.0,96174.0,tgju
2014-10-19,3219.0,96059.0,tgju
2014-10-20,3228.0,96174.0,tgju
2014-10-21,3222.0,96001.0,tgju
2014-10-22,3228.0,95771.0,tgju
2014-10-25,3217.0,95021.0,tgju
2014-10-26,3236.0,95136.0,tgju
2014-10-27,3245.0,95136.0,tgju
2014-10-28,3239.0,95079.0,tgju
2014-10-29,3245.0,94617.0,tgju
2014-11-01,3253.0,92289.1,tgju
2014-11-05,3250.0,91677.0,tgju
2014-11-08,3248.0,92888.0,tgju
2014-11-09,3254.0,92599.0,tgju
2014-11-10,3258.0,91907.0,tgju
2014-11-11,3258.0,92484.0,tgju
2014-11-12,3256.0,92254.0,tgju
2014-11-15,3247.0,93522.0,tgju
2014-11-16,3246.0,93522.0,tgju
2014-11-17,3256.0,93752.0,tgju
2014-11-18,3250.0,93983.0,tgju
2014-11-19,3253.0,93580.0,tgju
2014-11-22,3240.0,93637.0,tgju
2014-11-23,3256.0,94099.0,tgju
2014-11-24,3262.0,94675.0,tgju
2014-11-25,3290.0,95425.0,tgju
2014-11-26,3319.0,96059.0,tgju
2014-11-29,3461.0,97558.0,tgju
2014-11-30,3367.0,96982.0,tgju
2014-12-01,3358.0,97962.0,tgju
2014-12-02,3367.0,97789.0,tgju
2014-12-03,3370.0,97731.0,tgju
2014-12-06,3416.0,97731.0,tgju
2014-12-07,3425.0,98769.0,tgju
2014-12-08,3401.0,98826.0,tgju
2014-12-09,3419.0,99749.0,tgju
2014-12-10,3422.0,100152.0,tgju
2014-12-14,3410.0,102286.0,tgju
2014-12-15,3480.0,100902.0,tgju
2014-12-16,3493.0,101190.0,tgju
2014-12-17,3500.0,101536.0,tgju
2014-12-24,3559.0,101190.0,tgju
2014-12-27,3553.0,101882.0,tgju
2014-12-28,3549.0,101537.0,tgju
2014-12-29,3521.0,100614.0,tgju
2014-12-30,3501.0,100614.0,tgju
2015-01-03,3521.0,100499.0,tgju
2015-01-04,3512.0,100441.0,tgju
2015-01-05,3524.0,101017.0,tgju
2015-01-06,3513.0,101652.0,tgju
2015-01-07,3500.0,101133.0,tgju
2015-01-10,3486.0,101364.0,tgju
2015-01-11,3470.0,101133.0,tgju
2015-01-12,3450.0,101306.0,tgju
2015-01-13,3452.0,100787.0,tgju
2015-01-14,3450.0,100902.0,tgju
2015-01-17,3467.0,104131.0,tgju
2015-01-18,3514.0,104939.0,tgju
2015-01-19,3474.0,105169.0,tgju
2015-01-20,3461.0,106322.0,tgju
2015-01-21,3457.0,105976.0,tgju
2015-01-24,3465.0,105630.0,tgju
2015-01-25,3469.0,105688.0,tgju
2015-01-26,3460.0,105515.0,tgju
2015-01-27,3456.0,105630.0,tgju
2015-01-28,3456.0,105226.0,tgju
2015-01-31,3455.0,104708.0,tgju
2015-02-01,3456.0,104189.0,tgju
2015-02-02,3456.0,104247.0,tgju
2015-02-03,3443.0,103554.0,tgju
2015-02-04,3432.0,102863.0,tgju
2015-02-07,3409.0,99461.0,tgju
2015-02-08,3431.0,100902.0,tgju
2015-02-09,3430.0,101306.0,tgju
2015-02-11,3430.6,101271.6,tgju
2015-02-14,3430.0,101248.0,tgju
2015-02-15,3422.0,101133.0,tgju
2015-02-16,3402.0,100845.0,tgju
2015-02-17,3414.0,99461.0,tgju
2015-02-18,3414.0,100210.0,tgju
2015-02-21,3422.0,99346.0,tgju
2015-02-22,3435.0,99403.0,tgju
2015-02-23,3434.0,99519.0,tgju
2015-02-24,3436.0,100499.0,tgju
2015-02-25,3435.0,101133.0,tgju
2015-02-28,3426.0,100729.0,tgju
2015-03-01,3425.0,100902.0,tgju
2015-03-02,3417.0,100383.0,tgju
2015-03-03,3420.0,100268.0,tgju
2015-03-04,3413.0,99980.0,tgju
2015-03-07,3406.0,97616.0,tgju
2015-03-08,3396.0,97789.0,tgju
2015-03-09,3384.0,96751.0,tgju
2015-03-10,3336.0,95713.0,tgju
2015-03-11,3324.0,94848.0,tgju
2015-03-14,3241.0,91965.0,tgju
2015-03-15,3281.0,93464.0,tgju
2015-03-16,3353.0,94617.0,tgju
2015-03-17,3349.0,95137.0,tgju
2015-03-18,3338.0,96174.0,tgju
2015-03-25,3393.0,97673.0,tgju
2015-03-28,3310.0,95079.0,tgju
2015-03-29,3324.0,96174.0,tgju
2015-03-30,3307.0,95929.4,tgju
2015-04-04,3284.0,97904.0,tgju
2015-04-05,3286.0,98538.0,tgju
2015-04-06,3314.0,97846.0,tgju
2015-04-07,3293.0,97962.0,tgju
2015-04-08,3290.0,97097.0,tgju
2015-04-11,3339.0,100268.0,tgju
2015-04-12,3338.0,99115.0,tgju
2015-04-13,3345.0,98250.0,tgju
2015-04-14,3358.0,98711.0,tgju
2015-04-15,3348.0,99173.0,tgju
2015-04-18,3339.0,98942.0,tgju
2015-04-19,3339.0,98826.0,tgju
2015-04-20,3339.0,98423.0,tgju
2015-04-21,3336.0,98538.0,tgju
2015-04-22,3333.0,97558.0,tgju
2015-04-25,3330.0,97097.0,tgju
2015-04-26,3335.0,97154.0,tgju
2015-04-27,3338.0,97789.0,tgju
2015-04-28,3336.0,97904.0,tgju
2015-04-29,3339.0,97789.0,tgju
2015-05-03,3325.0,96809.0,tgju
2015-05-04,3327.0,96405.0,tgju
2015-05-05,3330.0,96347.0,tgju
2015-05-06,3329.0,96174.0,tgju
2015-05-09,3318.0,96001.0,tgju
2015-05-10,3316.0,95482.0,tgju
2015-05-11,3316.0,95021.0,tgju
2015-05-12,3319.0,95598.0,tgju
2015-05-13,3320.0,96405.0,tgju
2015-05-17,3307.0,97097.0,tgju
2015-05-18,3298.0,96174.0,tgju
2015-05-19,3283.0,95828.0,tgju
2015-05-20,3285.0,95655.0,tgju
2015-05-23,3295.0,95367.0,tgju
2015-05-24,3293.0,95597.0,tgju
2015-05-25,3300.0,95137.0,tgju
2015-05-26,3300.0,94963.0,tgju
2015-05-27,3298.0,95021.0,tgju
2015-05-30,3319.0,95194.0,tgju
2015-05-31,3313.0,94963.0,tgju
2015-06-01,3313.0,95194.0,tgju
2015-06-06,3308.0,93637.0,tgju
2015-06-07,3310.0,93579.0,tgju
2015-06-08,3308.0,93810.0,tgju
2015-06-09,3308.0,94099.0,tgju
2015-06-10,3305.0,93983.0,tgju
2015-06-13,3292.0,92945.0,tgju
2015-06-14,3282.0,92484.0,tgju
2015-06-15,3285.0,92311.0,tgju
2015-06-16,3285.0,92196.0,tgju
2015-06-17,3278.0,92253.0,tgju
2015-06-20,3272.0,92830.0,tgju
2015-06-21,3262.0,92392.0,tgju
2015-06-22,3266.0,91977.0,tgju
2015-06-23,3275.0,92173.0,tgju
2015-06-24,3275.0,92542.0,tgju
2015-06-27,3300.0,93015.0,tgju
2015-06-28,3300.0,93072.0,tgju
2015-06-29,3299.0,92403.0,tgju
2015-06-30,3309.0,92507.0,tgju
2015-07-01,3295.0,91608.0,tgju
2015-07-04,3295.0,90985.0,tgju
2015-07-05,3272.0,90212.0,tgju
2015-07-06,3248.0,89440.0,tgju
2015-07-08,3238.0,89359.8,tgju
2015-07-11,3250.0,89117.0,tgju
2015-07-12,3214.0,88875.0,tgju
2015-07-13,3216.0,89624.0,tgju
2015-07-14,3218.0,91043.0,tgju
2015-07-15,3230.0,90143.0,tgju
2015-07-20,3235.0,87883.0,tgju
2015-07-21,3239.0,87860.0,tgju
2015-07-22,3238.0,88229.0,tgju
2015-07-25,3295.0,89371.0,tgju
2015-07-26,3290.0,89301.0,tgju
2015-07-27,3298.0,89325.0,tgju
2015-07-28,3303.0,89451.0,tgju
2015-07-29,3300.0,89129.0,tgju
2015-08-01,3315.0,89624.0,tgju
2015-08-02,3316.0,89290.0,tgju
2015-08-03,3324.0,89209.0,tgju
2015-08-04,3327.0,89151.0,tgju
2015-08-05,3325.0,89059.0,tgju
2015-08-08,3339.0,89613.0,tgju
2015-08-09,3336.0,89601.0,tgju
2015-08-12,3345.0,91054.0,tgju
2015-08-15,3341.0,90916.0,tgju
2015-08-16,3341.0,91308.0,tgju
2015-08-17,3355.0,91538.0,tgju
2015-08-18,3346.0,91769.0,tgju
2015-08-19,3349.0,92945.0,tgju
2015-08-22,3350.0,95955.0,tgju
2015-08-23,3355.0,95632.0,tgju
2015-08-24,3365.0,94998.0,tgju
2015-08-25,3363.0,94076.0,tgju
2015-08-26,3355.0,93326.0,tgju
2015-08-29,3367.0,93706.0,tgju
2015-08-30,3377.0,94226.0,tgju
2015-08-31,3400.0,94687.0,tgju
2015-09-01,3398.0,94490.0,tgju
2015-09-02,3385.0,93822.0,tgju
2015-09-05,3397.0,94202.0,tgju
2015-09-06,3389.0,93926.0,tgju
2015-09-07,3383.0,93932.0,tgju
2015-09-08,3385.0,93695.0,tgju
2015-09-09,3385.0,93176.0,tgju
2015-09-12,3398.0,93268.0,tgju
2015-09-13,3420.0,93326.0,tgju
2015-09-14,3395.0,93141.0,tgju
2015-09-15,3393.0,93061.0,tgju
2015-09-16,3385.0,93049.0,tgju
2015-09-19,3383.0,94041.0,tgju
2015-09-20,3372.0,93580.0,tgju
2015-09-21,3388.0,93337.0,tgju
2015-09-22,3385.0,93026.0,tgju
2015-09-26,3393.0,94399.0,tgju
2015-09-27,3392.0,94133.0,tgju
2015-09-28,3409.0,94145.0,tgju
2015-09-29,3409.0,93995.0,tgju
2015-09-30,3405.0,93684.0,tgju
2015-10-03,3395.0,94318.0,tgju
2015-10-04,3399.0,94341.0,tgju
2015-10-05,3399.0,94802.0,tgju
2015-10-06,3399.0,95471.0,tgju
2015-10-07,3398.0,95482.0,tgju
2015-10-10,3390.0,96220.0,tgju
2015-10-11,3389.0,96566.0,tgju
2015-10-12,3388.0,95886.0,tgju
2015-10-13,3389.0,96635.0,tgju
2015-10-14,3388.0,97247.0,tgju
2015-10-17,3387.0,96186.0,tgju
2015-10-18,3381.0,95621.0,tgju
2015-10-19,3381.0,95690.0,tgju
2015-10-20,3383.0,95874.0,tgju
2015-10-21,3385.0,95852.0,tgju
2015-10-25,3388.0,95886.0,tgju
2015-10-26,3389.0,96099.0,tgju
2015-10-27,3390.0,96659.0,tgju
2015-10-28,3389.0,96024.0,tgju
2015-10-31,3395.0,95586.0,tgju
2015-11-01,3394.0,95355.0,tgju
2015-11-02,3394.0,95130.0,tgju
2015-11-03,3393.0,94490.0,tgju
2015-11-04,3389.0,93880.0,tgju
2015-11-07,3395.0,92978.0,tgju
2015-11-08,3396.0,93325.0,tgju
2015-11-09,3395.0,93520.0,tgju
2015-11-10,3394.0,93195.0,tgju
2015-11-11,3393.0,93050.0,tgju
2015-11-12,3575.0,93291.0,tgju
2015-11-14,3394.0,93410.0,tgju
2015-11-15,3394.0,93405.0,tgju
2015-11-16,3394.0,92520.0,tgju
2015-11-17,3393.0,92090.0,tgju
2015-11-18,3393.0,92465.0,tgju
2015-11-21,3394.0,92150.0,tgju
2015-11-22,3394.0,91945.0,tgju
2015-11-23,3398.0,92255.0,tgju
2015-11-24,3399.0,92580.0,tgju
2015-11-25,3392.0,92750.0,tgju
2015-11-28,3399.0,92700.0,tgju
2015-11-29,3399.0,92620.0,tgju
2015-11-30,3399.0,93180.0,tgju
2015-12-02,3397.0,92918.0,tgju
2015-12-05,3397.0,93910.0,tgju
2015-12-06,3396.0,94100.0,tgju
2015-12-07,3396.0,93860.0,tgju
2015-12-08,3395.0,93925.0,tgju
2015-12-13,3394.0,93840.0,tgju
2015-12-14,3394.0,92935.0,tgju
2015-12-15,3397.0,93280.0,tgju
2015-12-16,3389.0,93200.0,tgju
2015-12-19,3385.0,93570.0,tgju
2015-12-21,3386.0,94355.0,tgju
2015-12-22,3387.0,94510.0,tgju
2015-12-23,3388.0,95215.0,tgju
2015-12-26,3380.0,96185.0,tgju
2015-12-27,3380.0,95715.0,tgju
2015-12-30,3387.0,95380.0,tgju
2016-01-02,3384.0,95380.0,tgju
2016-01-03,3389.0,96075.0,tgju
2016-01-04,3394.0,96140.0,tgju
2016-01-05,3394.0,96675.0,tgju
2016-01-06,3394.0,97050.0,tgju
2016-01-09,3395.0,98240.0,tgju
2016-01-10,3389.0,97200.0,tgju
2016-01-11,3388.0,95760.0,tgju
2016-01-12,3387.0,95100.0,tgju
2016-01-13,3385.0,94885.0,tgju
2016-01-16,3384.0,94050.0,tgju
2016-01-17,3384.0,93670.0,tgju
2016-01-18,3383.0,93475.0,tgju
2016-01-19,3384.0,93795.0,tgju
2016-01-20,3383.0,94515.0,tgju
2016-01-23,3387.0,95080.0,tgju
2016-01-24,3385.0,95375.0,tgju
2016-01-25,3385.0,96495.0,tgju
2016-01-26,3384.0,97025.0,tgju
2016-01-27,3384.0,96570.0,tgju
2016-01-30,3384.0,96380.0,tgju
2016-01-31,3383.0,96960.0,tgju
2016-02-01,3383.0,97035.0,tgju
2016-02-02,3382.0,97200.0,tgju
2016-02-03,3382.0,97825.0,tgju
2016-02-06,3380.0,99180.0,tgju
2016-02-07,3380.0,98805.0,tgju
2016-02-08,3380.0,99210.0,tgju
2016-02-09,3380.0,98985.0,tgju
2016-02-13,3380.0,101790.0,tgju
2016-02-14,3384.0,99735.0,tgju
2016-02-15,3443.0,99115.0,tgju
2016-02-16,3462.0,99280.0,tgju
2016-02-17,3471.0,99785.0,tgju
2016-02-20,3450.0,100405.0,tgju
2016-02-21,3454.0,99840.0,tgju
2016-02-22,3465.0,100580.0,tgju
2016-02-23,3468.0,101975.0,tgju
2016-02-24,3475.0,102110.0,tgju
2016-02-27,3455.0,101685.0,tgju
2016-02-28,3455.0,101695.0,tgju
2016-02-29,3454.0,102330.0,tgju
2016-03-01,3454.0,102250.0,tgju
2016-03-02,3445.0,102550.0,tgju
2016-03-05,3434.0,103220.0,tgju
2016-03-06,3426.0,103415.0,tgju
2016-03-07,3408.0,103405.0,tgju
2016-03-08,3424.0,103025.0,tgju
2016-03-09,3437.0,102875.0,tgju
2016-03-11,3420.5,103194.0,tgju
2016-03-14,3429.0,102780.0,tgju
2016-03-15,3430.0,102330.0,tgju
2016-03-16,3425.0,103185.0,tgju
2016-03-23,3460.0,103038.6,tgju
2016-03-26,3466.0,102750.0,tgju
2016-03-27,3520.0,102935.0,tgju
2016-03-28,3513.0,103430.0,tgju
2016-03-29,3482.0,104175.0,tgju
2016-03-30,3485.0,104245.0,tgju
2016-04-02,3449.0,104420.0,tgju
2016-04-03,3450.0,103795.0,tgju
2016-04-04,3476.0,104695.0,tgju
2016-04-05,3470.0,104420.0,tgju
2016-04-06,3465.0,104870.0,tgju
2016-04-09,3472.0,105735.0,tgju
2016-04-10,3470.0,106290.0,tgju
2016-04-11,3469.0,106590.0,tgju
2016-04-12,3466.0,105915.0,tgju
2016-04-13,3462.0,104985.0,tgju
2016-04-16,3455.0,104915.0,tgju
2016-04-17,3451.0,104650.0,tgju
2016-04-18,3464.0,104705.0,tgju
2016-04-19,3458.0,104740.0,tgju
2016-04-23,3469.0,104255.0,tgju
2016-04-24,3467.0,104235.0,tgju
2016-04-25,3460.0,104305.0,tgju
2016-04-26,3460.0,104685.0,tgju
2016-04-27,3457.0,104920.0,tgju
2016-04-30,3451.0,107070.0,tgju
2016-05-01,3450.0,107025.0,tgju
2016-05-02,3447.0,106610.0,tgju
2016-05-03,3443.0,105860.0,tgju
2016-05-07,3446.0,106130.0,tgju
2016-05-08,3445.0,105918.5,tgju
2016-05-09,3450.0,105780.0,tgju
2016-05-10,3449.0,105355.0,tgju
2016-05-11,3443.0,105275.0,tgju
2016-05-14,3442.0,104705.0,tgju
2016-05-15,3439.0,105005.0,tgju
2016-05-16,3437.0,104410.0,tgju
2016-05-17,3437.0,104350.0,tgju
2016-05-18,3437.0,102990.0,tgju
2016-05-23,3455.0,102630.0,tgju
2016-05-24,3454.0,101650.0,tgju
2016-05-25,3455.0,102565.0,tgju
2016-05-28,3470.0,101779.0,tgju
2016-05-29,3463.0,101098.0,tgju
2016-05-30,3465.0,101306.0,tgju
2016-05-31,3465.0,101490.0,tgju
2016-06-01,3471.0,101605.0,tgju
2016-06-05,3453.0,102598.0,tgju
2016-06-06,3455.0,102194.0,tgju
2016-06-07,3458.0,102834.0,tgju
2016-06-08,3460.0,103341.0,tgju
2016-06-11,3460.0,104131.0,tgju
2016-06-12,3453.0,104443.0,tgju
2016-06-13,3459.0,104569.0,tgju
2016-06-14,3460.0,104904.0,tgju
2016-06-15,3455.0,106253.0,tgju
2016-06-18,3454.0,105728.0,tgju
2016-06-19,3455.0,104973.0,tgju
2016-06-20,3460.0,104800.0,tgju
2016-06-21,3463.0,104460.0,tgju
2016-06-22,3461.8,104488.0,tgju
2016-06-25,3485.0,108444.0,tgju
2016-06-28,3519.0,109620.0,tgju
2016-06-29,3529.0,110116.0,tgju
2016-07-02,3479.0,111684.0,tgju
2016-07-03,3487.0,111961.0,tgju
2016-07-04,3487.0,111782.0,tgju
2016-07-09,3497.0,114037.0,tgju
2016-07-10,3501.0,113771.0,tgju
2016-07-11,3512.0,113103.0,tgju
2016-07-12,3501.0,112123.0,tgju
2016-07-13,3504.0,111465.0,tgju
2016-07-16,3512.0,110797.0,tgju
2016-07-17,3515.0,110185.0,tgju
2016-07-18,3519.0,110704.0,tgju
2016-07-19,3513.0,110520.0,tgju
2016-07-20,3503.0,110335.0,tgju
2016-07-23,3517.0,110795.0,tgju
2016-07-24,3511.0,110739.0,tgju
2016-07-25,3518.0,111188.0,tgju
2016-07-26,3518.0,111534.0,tgju
2016-07-27,3544.0,112953.0,tgju
2016-07-31,3528.0,113760.0,tgju
2016-08-01,3540.0,114579.0,tgju
2016-08-02,3531.0,114810.0,tgju
2016-08-03,3517.0,114187.0,tgju
2016-08-06,3533.0,113016.0,tgju
2016-08-07,3540.0,112907.0,tgju
2016-08-08,3545.0,113143.0,tgju
2016-08-09,3535.0,114325.0,tgju
2016-08-10,3538.0,114106.0,tgju
2016-08-13,3531.0,113137.0,tgju
2016-08-14,3543.0,113287.0,tgju
2016-08-15,3543.0,113841.0,tgju
2016-08-16,3542.0,113749.0,tgju
2016-08-17,3545.0,113772.0,tgju
2016-08-20,3527.0,113183.0,tgju
2016-08-21,3547.0,112953.0,tgju
2016-08-22,3542.0,113287.0,tgju
2016-08-23,3543.0,113103.0,tgju
2016-08-24,3530.0,112918.0,tgju
2016-08-27,3550.0,113068.0,tgju
2016-08-28,3555.0,113172.0,tgju
2016-08-29,3555.0,113172.0,tgju
2016-08-30,3555.0,112872.0,tgju
2016-08-31,3557.0,112884.0,tgju
2016-09-03,3565.0,113737.0,tgju
2016-09-04,3552.0,113864.0,tgju
2016-09-05,3555.0,114083.0,tgju
2016-09-06,3554.0,114614.0,tgju
2016-09-07,3557.0,113991.0,tgju
2016-09-10,3550.0,113581.0,tgju
2016-09-13,3563.0,113829.0,tgju
2016-09-14,3572.0,113864.0,tgju
2016-09-17,3560.0,113489.0,tgju
2016-09-18,3552.0,113495.0,tgju
2016-09-21,3554.0,114060.0,tgju
2016-09-24,3568.0,114002.0,tgju
2016-09-25,3570.0,114025.0,tgju
2016-09-26,3573.0,113852.0,tgju
2016-09-27,3561.0,113657.0,tgju
2016-09-28,3580.0,113587.0,tgju
2016-10-01,3577.0,113345.0,tgju
2016-10-02,3581.0,113258.0,tgju
2016-10-03,3586.0,111909.0,tgju
2016-10-04,3587.0,110635.0,tgju
2016-10-05,3572.0,110070.0,tgju
2016-10-08,3581.0,110070.0,tgju
2016-10-09,3585.0,110358.0,tgju
2016-10-12,3587.9,110204.0,tgju
2016-10-15,3588.0,109539.0,tgju
2016-10-16,3585.0,109620.0,tgju
2016-10-17,3583.0,109874.0,tgju
2016-10-18,3585.0,110289.0,tgju
2016-10-19,3585.0,110151.0,tgju
2016-10-22,3591.0,110220.0,tgju
2016-10-23,3595.0,110624.0,tgju
2016-10-24,3568.0,110825.0,tgju
2016-10-25,3605.0,111194.0,tgju
2016-10-26,3618.0,110992.0,tgju
2016-10-29,3611.0,111955.0,tgju
2016-10-30,3619.0,112053.0,tgju
2016-10-31,3627.0,112630.0,tgju
2016-11-01,3623.0,113495.0,tgju
2016-11-02,3620.0,113253.0,tgju
2016-11-05,3629.0,114314.0,tgju
2016-11-06,3625.0,112895.0,tgju
2016-11-07,3640.0,112815.0,tgju
2016-11-08,3648.0,114394.0,tgju
2016-11-09,3657.0,113264.0,tgju
2016-11-12,3655.0,110531.0,tgju
2016-11-13,3668.0,110508.0,tgju
2016-11-14,3668.0,111033.0,tgju
2016-11-15,3674.0,110773.0,tgju
2016-11-16,3685.0,110727.0,tgju
2016-11-18,3680.9,109836.5,tgju
2016-11-21,3677.0,110462.0,tgju
2016-11-22,3703.0,110681.0,tgju
2016-11-23,3718.0,110047.0,tgju
2016-11-26,3791.0,111131.0,tgju
2016-11-28,3868.0,111573.0,tgju
2016-11-30,3827.4,111437.0,tgju
2016-12-03,3895.0,113115.0,tgju
2016-12-04,3896.0,112849.0,tgju
2016-12-05,3888.0,112538.0,tgju
2016-12-06,3876.0,112318.0,tgju
2016-12-07,3899.0,112491.0,tgju
2016-12-10,3891.0,112388.0,tgju
2016-12-11,3868.0,112607.0,tgju
2016-12-12,3897.0,112953.0,tgju
2016-12-13,3914.0,113206.0,tgju
2016-12-14,3928.0,112561.0,tgju
2016-12-18,3917.0,112399.0,tgju
2016-12-19,3918.0,112503.0,tgju
2016-12-20,3978.0,112849.0,tgju
2016-12-21,3985.0,112791.0,tgju
2016-12-24,4066.0,113812.0,tgju
2016-12-25,4072.0,114902.0,tgju
2016-12-26,4121.0,116124.0,tgju
2016-12-27,4075.0,114925.0,tgju
2016-12-28,4029.0,114648.0,tgju
2016-12-31,3835.0,111719.0,tgju
2017-01-01,3879.0,112745.0,tgju
2017-01-02,3914.0,113137.0,tgju
2017-01-03,3900.0,113264.0,tgju
2017-01-04,3903.0,113725.0,tgju
2017-01-07,3945.0,114625.0,tgju
2017-01-08,3965.0,114763.0,tgju
2017-01-10,3979.0,114832.0,tgju
2017-01-11,3979.0,115340.0,tgju
2017-01-14,3944.0,114809.0,tgju
2017-01-15,3914.0,115639.0,tgju
2017-01-16,3834.0,115063.0,tgju
2017-01-17,3820.0,115409.0,tgju
2017-01-18,3824.0,114901.0,tgju
2017-01-21,3833.0,114106.0,tgju
2017-01-22,3850.0,114613.0,tgju
2017-01-23,3854.0,114763.0,tgju
2017-01-24,3860.0,114648.0,tgju
2017-01-25,3858.0,114486.0,tgju
2017-01-28,3851.0,113910.0,tgju
2017-01-29,3823.0,113967.0,tgju
2017-01-30,3821.0,112974.0,tgju
2017-01-31,3826.0,113886.0,tgju
2017-02-01,3824.0,113771.0,tgju
2017-02-04,3852.0,114994.0,tgju
2017-02-05,3847.0,115202.0,tgju
2017-02-06,3836.0,115779.0,tgju
2017-02-07,3826.0,114971.0,tgju
2017-02-08,3826.0,115456.0,tgju
2017-02-11,3823.0,115410.0,tgju
2017-02-12,3814.0,115410.0,tgju
2017-02-13,3808.0,114810.0,tgju
2017-02-14,3815.0,114786.0,tgju
2017-02-15,3811.0,115040.0,tgju
2017-02-18,3793.0,114971.0,tgju
2017-02-19,3790.0,114810.0,tgju
2017-02-20,3787.0,114509.0,tgju
2017-02-21,3780.0,114833.0,tgju
2017-02-22,3780.0,115133.0,tgju
2017-02-25,3781.0,116079.0,tgju
2017-02-26,3779.0,116333.0,tgju
2017-02-27,3779.0,115710.0,tgju
2017-02-28,3784.0,115987.0,tgju
2017-03-04,3774.0,115364.0,tgju
2017-03-05,3761.0,115248.0,tgju
2017-03-06,3746.0,114486.0,tgju
2017-03-07,3724.0,113332.0,tgju
2017-03-08,3749.0,112940.0,tgju
2017-03-11,3749.0,112478.0,tgju
2017-03-12,3750.0,112916.0,tgju
2017-03-13,3763.0,113009.0,tgju
2017-03-14,3795.0,112639.0,tgju
2017-03-15,3757.0,113424.0,tgju
2017-03-25,3754.0,115687.0,tgju
2017-03-26,3764.0,116587.0,tgju
2017-03-27,3766.0,117026.0,tgju
2017-03-28,3752.0,116864.0,tgju
2017-03-29,3740.0,116749.0,tgju
2017-04-03,3753.0,116241.0,tgju
2017-04-04,3765.0,116518.0,tgju
2017-04-05,3761.0,116518.0,tgju
2017-04-08,3763.0,116587.0,tgju
2017-04-09,3763.0,116749.0,tgju
2017-04-12,3759.0,117072.0,tgju
2017-04-15,3755.0,118965.0,tgju
2017-04-16,3755.0,118850.0,tgju
2017-04-17,3750.0,118688.0,tgju
2017-04-18,3749.0,118804.0,tgju
2017-04-19,3748.0,117742.0,tgju
2017-04-22,3753.0,118157.0,tgju
2017-04-23,3753.0,118030.0,tgju
2017-04-26,3762.0,117188.0,tgju
2017-04-29,3773.0,117280.0,tgju
2017-04-30,3767.0,117545.0,tgju
2017-05-01,3762.0,116414.0,tgju
2017-05-02,3765.0,116276.0,tgju
2017-05-03,3770.0,115860.0,tgju
2017-05-06,3759.0,112916.0,tgju
2017-05-07,3757.0,113551.0,tgju
2017-05-08,3754.0,114117.0,tgju
2017-05-09,3757.0,113378.0,tgju
2017-05-10,3759.0,113413.0,tgju
2017-05-13,3756.0,114002.0,tgju
2017-05-14,3754.0,114071.0,tgju
2017-05-15,3755.0,113828.0,tgju
2017-05-16,3771.0,115214.0,tgju
2017-05-17,3767.0,116010.0,tgju
2017-05-20,3740.0,114890.0,tgju
2017-05-21,3735.0,115040.0,tgju
2017-05-22,3753.0,115329.0,tgju
2017-05-23,3748.0,114833.0,tgju
2017-05-24,3743.0,114913.0,tgju
2017-05-27,3737.0,114694.0,tgju
2017-05-28,3738.0,114913.0,tgju
2017-05-29,3736.0,114521.0,tgju
2017-05-30,3734.0,114071.0,tgju
2017-05-31,3734.0,114013.0,tgju
2017-06-03,3733.0,114256.0,tgju
2017-06-06,3738.0,115225.0,tgju
2017-06-07,3737.0,115064.0,tgju
2017-06-10,3735.0,114232.0,tgju
2017-06-11,3730.0,114325.0,tgju
2017-06-12,3727.0,114256.0,tgju
2017-06-13,3730.0,114302.0,tgju
2017-06-14,3731.0,113782.0,tgju
2017-06-17,3750.0,114221.0,tgju
2017-06-18,3750.0,114567.0,tgju
2017-06-19,3745.0,113898.0,tgju
2017-06-20,3742.0,113921.0,tgju
2017-06-21,3744.0,114013.0,tgju
2017-06-24,3754.0,115317.0,tgju
2017-06-28,3768.0,115664.0,tgju
2017-07-01,3784.0,116091.0,tgju
2017-07-02,3779.0,115987.0,tgju
2017-07-03,3780.0,114994.0,tgju
2017-07-04,3788.0,114683.0,tgju
2017-07-05,3788.0,114636.0,tgju
2017-07-08,3786.0,113598.0,tgju
2017-07-09,3788.0,113713.0,tgju
2017-07-10,3793.0,113736.0,tgju
2017-07-11,3790.0,113471.0,tgju
2017-07-12,3785.0,113748.0,tgju
2017-07-15,3780.0,113725.0,tgju
2017-07-16,3779.0,113713.0,tgju
2017-07-17,3778.0,113817.0,tgju
2017-07-18,3777.0,113828.0,tgju
2017-07-19,3782.0,113828.0,tgju
2017-07-22,3775.0,114544.0,tgju
2017-07-23,3772.0,114602.0,tgju
2017-07-24,3779.0,115040.0,tgju
2017-07-25,3800.0,114833.0,tgju
2017-07-26,3801.0,116091.0,tgju
2017-07-29,3812.0,117695.0,tgju
2017-07-30,3813.0,117926.0,tgju
2017-07-31,3819.0,117707.0,tgju
2017-08-01,3821.0,117903.0,tgju
2017-08-02,3826.0,117938.0,tgju
2017-08-05,3821.0,117845.0,tgju
2017-08-06,3815.0,117222.0,tgju
2017-08-07,3811.0,117188.0,tgju
2017-08-08,3811.0,117592.0,tgju
2017-08-09,3815.0,118030.0,tgju
2017-08-12,3812.0,119092.0,tgju
2017-08-13,3813.0,119150.0,tgju
2017-08-14,3817.0,117949.0,tgju
2017-08-15,3820.0,117765.0,tgju
2017-08-16,3820.0,118273.0,tgju
2017-08-19,3828.0,118226.0,tgju
2017-08-20,3830.0,118596.0,tgju
2017-08-21,3830.0,118342.0,tgju
2017-08-22,3833.0,118665.0,tgju
2017-08-23,3838.0,119265.0,tgju
2017-08-26,3859.0,120812.0,tgju
2017-08-27,3858.0,121274.0,tgju
2017-08-28,3863.0,122059.0,tgju
2017-08-29,3872.0,122197.0,tgju
2017-08-30,3874.0,122382.0,tgju
2017-09-02,3890.0,125568.0,tgju
2017-09-03,3879.0,126722.0,tgju
2017-09-04,3882.0,125545.0,tgju
2017-09-05,3894.0,125614.0,tgju
2017-09-06,3904.0,125268.0,tgju
2017-09-10,3900.0,126122.0,tgju
2017-09-11,3914.0,125199.0,tgju
2017-09-12,3920.0,125983.0,tgju
2017-09-13,3910.0,124783.0,tgju
2017-09-16,3898.0,123767.0,tgju
2017-09-17,3897.0,122959.0,tgju
2017-09-18,3892.0,122220.0,tgju
2017-09-19,3893.0,121782.0,tgju
2017-09-20,3892.0,120835.0,tgju
2017-09-23,3892.0,120558.0,tgju
2017-09-24,3900.0,121412.0,tgju
2017-09-25,3906.0,123051.0,tgju
2017-09-26,3907.0,121297.0,tgju
2017-09-27,3911.0,121066.0,tgju
2017-10-02,3930.0,120558.0,tgju
2017-10-03,3937.0,120835.0,tgju
2017-10-04,3948.0,121643.0,tgju
2017-10-07,3978.0,122728.0,tgju
2017-10-08,4041.0,123767.0,tgju
2017-10-09,4024.0,125360.0,tgju
2017-10-10,4016.0,124321.0,tgju
2017-10-11,4017.0,124759.0,tgju
2017-10-14,4007.0,124505.0,tgju
2017-10-15,4008.0,124413.0,tgju
2017-10-16,4019.0,123559.0,tgju
2017-10-17,4021.0,123305.0,tgju
2017-10-18,4017.0,123097.0,tgju
2017-10-21,4011.0,122081.0,tgju
2017-10-22,4018.0,121435.0,tgju
2017-10-23,4030.0,122912.0,tgju
2017-10-24,4028.0,122566.0,tgju
2017-10-25,4032.0,122728.0,tgju
2017-10-28,4069.0,124205.0,tgju
2017-10-29,4055.0,123951.0,tgju
2017-10-30,4052.0,123998.0,tgju
2017-10-31,4058.0,123697.0,tgju
2017-11-01,4054.0,124021.0,tgju
2017-11-04,4066.0,123813.0,tgju
2017-11-05,4072.0,124390.0,tgju
2017-11-06,4070.0,124967.0,tgju
2017-11-07,4074.0,124390.0,tgju
2017-11-11,4099.0,124390.0,tgju
2017-11-12,4136.0,125798.0,tgju
2017-11-13,4122.0,126214.0,tgju
2017-11-14,4101.0,126006.0,tgju
2017-11-15,4100.0,125360.0,tgju
2017-11-20,4093.0,125429.0,tgju
2017-11-21,4121.0,126283.0,tgju
2017-11-22,4124.0,126860.0,tgju
2017-11-25,4118.0,127345.0,tgju
2017-11-26,4118.0,127922.0,tgju
2017-11-28,4136.0,128869.0,tgju
2017-11-29,4139.0,129654.0,tgju
2017-12-02,4164.0,130092.0,tgju
2017-12-03,4186.0,130046.0,tgju
2017-12-04,4202.0,131293.0,tgju
2017-12-06,4202.2,128943.0,tgju
2017-12-09,4207.0,128523.0,tgju
2017-12-10,4211.0,128546.0,tgju
2017-12-11,4220.0,128153.0,tgju
2017-12-12,4219.0,128199.0,tgju
2017-12-13,4211.0,128384.0,tgju
2017-12-16,4183.0,128061.0,tgju
2017-12-17,4181.0,128015.0,tgju
2017-12-18,4197.0,128130.0,tgju
2017-12-19,4186.0,128753.0,tgju
2017-12-20,4194.0,128592.0,tgju
2017-12-23,4194.0,129561.0,tgju
2017-12-24,4179.0,129700.0,tgju
2017-12-25,4189.0,129862.0,tgju
2017-12-26,4189.0,130393.0,tgju
2017-12-27,4203.0,131131.0,tgju
2017-12-30,4288.0,134594.0,tgju
2017-12-31,4288.0,134710.0,tgju
2018-01-01,4339.0,136972.0,tgju
2018-01-02,4374.0,139119.0,tgju
2018-01-03,4324.0,139720.0,tgju
2018-01-06,4353.0,135956.0,tgju
2018-01-07,4395.0,137088.0,tgju
2018-01-08,4366.0,137411.0,tgju
2018-01-09,4401.0,137041.0,tgju
2018-01-10,4415.0,138242.0,tgju
2018-01-13,4426.0,141336.0,tgju
2018-01-14,4421.0,139442.0,tgju
2018-01-15,4429.0,140274.0,tgju
2018-01-16,4448.0,140620.0,tgju
2018-01-17,4458.0,141336.0,tgju
2018-01-20,4597.0,142259.0,tgju
2018-01-21,4579.0,144268.0,tgju
2018-01-22,4580.0,144429.0,tgju
2018-01-23,4566.0,144637.0,tgju
2018-01-24,4533.0,145168.0,tgju
2018-01-27,4568.0,143921.0,tgju
2018-01-28,4550.0,144845.0,tgju
2018-01-29,4567.0,144037.0,tgju
2018-01-30,4645.0,144360.0,tgju
2018-01-31,4647.0,146138.0,tgju
2018-02-03,4744.0,147361.0,tgju
2018-02-04,4676.0,147823.0,tgju
2018-02-05,4690.0,148446.0,tgju
2018-02-06,4545.0,147869.0,tgju
2018-02-07,4670.0,147592.0,tgju
2018-02-10,4727.0,149208.0,tgju
2018-02-12,4877.0,152856.0,tgju
2018-02-13,4817.0,151701.0,tgju
2018-02-14,4738.0,149693.0,tgju
2018-02-17,4609.0,144291.0,tgju
2018-02-18,4575.0,144060.0,tgju
2018-02-21,4493.0,142790.0,tgju
2018-02-24,4476.0,145168.0,tgju
2018-02-25,4478.0,146946.0,tgju
2018-02-26,4472.0,149554.0,tgju
2018-02-27,4471.0,147061.0,tgju
2018-02-28,4470.0,147384.0,tgju
2018-03-01,4469.0,147961.0,tgju
2018-03-03,4770.0,149186.0,tgju
2018-03-04,4769.0,149300.0,tgju
2018-03-05,4775.0,148746.0,tgju
2018-03-06,4788.0,150409.0,tgju
2018-03-07,4786.0,149762.0,tgju
2018-03-08,4789.0,149739.0,tgju
2018-03-10,4803.0,151447.0,tgju
2018-03-11,4826.0,150963.0,tgju
2018-03-12,4816.0,151840.0,tgju
2018-03-13,4851.0,153341.0,tgju
2018-03-14,4849.0,153087.0,tgju
2018-03-15,4865.0,152071.0,tgju
2018-03-17,4819.0,151286.0,tgju
2018-03-18,4857.0,152486.0,tgju
2018-03-19,4899.0,153248.0,tgju
2018-03-25,5103.0,159943.0,tgju
2018-03-26,5049.0,161975.0,tgju
2018-03-27,5046.0,159597.0,tgju
2018-03-28,5045.0,157889.0,tgju
2018-03-29,5102.0,158974.0,tgju
2018-04-03,5056.0,160082.0,tgju
2018-04-04,5094.0,159920.0,tgju
2018-04-05,5094.0,160682.0,tgju
2018-04-07,5660.0,167146.0,tgju
2018-04-08,5865.0,170794.0,tgju
2018-04-09,5820.0,160105.0,tgju
2018-04-10,5503.0,157565.0,tgju
2018-04-11,5362.0,165415.0,tgju
2018-04-15,5270.0,169986.0,tgju
2018-04-17,4410.0,168809.0,tgju
2018-04-18,4878.0,168855.0,tgju
2018-04-19,5192.9,169871.0,tgju
2018-04-21,5587.0,171302.0,tgju
2018-04-22,5529.0,169871.0,tgju
2018-04-23,5450.0,169501.0,tgju
2018-04-24,5423.0,171140.0,tgju
2018-04-25,5635.0,171325.0,tgju
2018-04-28,5854.0,173611.0,tgju
2018-04-29,5703.0,176289.0,tgju
2018-04-30,5965.0,179867.0,tgju
2018-05-01,5964.0,182176.0,tgju
2018-05-03,6116.0,188248.0,tgju
2018-05-05,6350.0,200622.0,tgju
2018-05-06,5923.0,196605.0,tgju
2018-05-07,6390.0,186816.0,tgju
2018-05-08,6571.0,196074.0,tgju
2018-05-09,6653.0,194342.0,tgju
2018-05-10,6690.0,200991.0,tgju
2018-05-12,6455.0,196351.0,tgju
2018-05-13,6330.0,190718.0,tgju
2018-05-14,6414.0,184138.0,tgju
2018-05-15,6152.0,185760.0,tgju
2018-05-16,6274.0,185130.0,tgju
2018-05-17,6264.0,185640.0,tgju
2018-05-19,6201.0,182040.0,tgju
2018-05-20,6333.0,183680.0,tgju
2018-05-21,6387.0,188850.0,tgju
2018-05-22,6364.0,186770.0,tgju
2018-05-23,6344.0,188060.0,tgju
2018-05-24,6367.0,191160.0,tgju
2018-05-26,6363.0,189080.0,tgju
2018-05-27,6353.0,190350.0,tgju
2018-05-28,6292.0,194740.0,tgju
2018-05-29,6438.0,199490.0,tgju
2018-05-30,6464.0,196770.0,tgju
2018-05-31,6502.0,196810.0,tgju
2018-06-02,6439.0,194620.0,tgju
2018-06-03,6425.0,196950.0,tgju
2018-06-07,6439.0,199120.0,tgju
2018-06-09,6576.0,201430.0,tgju
2018-06-10,6781.0,202700.0,tgju
2018-06-11,7035.0,205330.0,tgju
2018-06-12,7008.0,210730.0,tgju
2018-06-13,6769.0,212050.0,tgju
2018-06-14,6867.0,209100.0,tgju
2018-06-17,7054.0,211450.0,tgju
2018-06-18,7227.0,212000.0,tgju
2018-06-19,7400.0,217910.0,tgju
2018-06-20,7491.0,219900.0,tgju
2018-06-23,8705.0,242870.0,tgju
2018-06-24,8155.0,257670.0,tgju
2018-06-25,7891.0,235900.0,tgju
2018-06-26,7974.0,239020.0,tgju
2018-06-27,8228.0,239890.0,tgju
2018-06-28,8228.0,243400.0,tgju
2018-06-30,8358.0,235950.0,tgju
2018-07-01,8331.0,244740.0,tgju
2018-07-02,8160.0,243790.0,tgju
2018-07-03,8014.0,240820.0,tgju
2018-07-04,7847.0,233540.0,tgju
2018-07-05,8037.0,227800.0,tgju
2018-07-07,7986.0,233640.0,tgju
2018-07-08,7946.0,235370.0,tgju
2018-07-11,7790.0,226020.0,tgju
2018-07-12,7822.0,229130.0,tgju
2018-07-14,8074.0,238480.0,tgju
2018-07-15,7919.0,235280.0,tgju
2018-07-16,8195.0,230730.0,tgju
2018-07-17,8134.0,236410.0,tgju
2018-07-18,8196.0,237490.0,tgju
2018-07-19,8149.0,242590.0,tgju
2018-07-21,8897.0,261340.0,tgju
2018-07-22,9370.0,267900.0,tgju
2018-07-23,9406.0,269310.0,tgju
2018-07-24,9155.0,266880.0,tgju
2018-07-25,9316.0,269880.0,tgju
2018-07-26,9456.0,277500.0,tgju
2018-07-28,11036.8,291930.0,tgju
2018-07-29,11470.0,312940.0,tgju
2018-07-30,10541.0,311780.0,tgju
2018-07-31,10598.0,298280.0,tgju
2018-08-01,11296.0,300130.0,tgju
2018-08-02,10577.0,304970.0,tgju
2018-08-04,9817.0,288580.0,tgju
2018-08-05,9596.0,286270.0,tgju
2018-08-06,8976.0,263190.0,tgju
2018-08-07,10254.0,258340.0,tgju
2018-08-08,10336.0,292050.0,tgju
2018-08-09,10943.0,295740.0,tgju
2018-08-11,10085.0,303342.0,tgju
2018-08-12,10626.0,293890.0,tgju
2018-08-13,10555.0,302430.0,tgju
2018-08-14,10503.0,293660.0,tgju
2018-08-15,10709.0,291350.0,tgju
2018-08-16,10712.0,295510.0,tgju
2018-08-18,10305.0,290083.0,tgju
2018-08-19,10414.0,291470.0,tgju
2018-08-20,10584.0,292390.0,tgju
2018-08-21,10546.0,295860.0,tgju
2018-08-23,10279.0,294010.0,tgju
2018-08-25,10543.0,293490.0,tgju
2018-08-26,10715.0,295510.0,tgju
2018-08-27,11061.0,304170.0,tgju
2018-08-28,11011.0,304740.0,tgju
2018-08-29,11035.0,311670.0,tgju
2018-09-01,11977.0,312820.0,tgju
2018-09-03,12795.0,351150.0,tgju
2018-09-04,13689.0,373540.0,tgju
2018-09-05,13511.0,364770.0,tgju
2018-09-08,12963.0,342840.0,tgju
2018-09-09,13816.0,349760.0,tgju
2018-09-10,13533.0,376540.0,tgju
2018-09-11,13716.0,367080.0,tgju
2018-09-12,13760.0,377700.0,tgju
2018-09-13,13765.0,375160.0,tgju
2018-09-15,14270.0,392470.0,tgju
2018-09-16,14365.0,392470.0,tgju
2018-09-17,14588.0,400780.0,tgju
2018-09-18,14588.0,401879.0,tgju
2018-09-22,14934.0,400780.0,tgju
2018-09-23,16000.0,427330.0,tgju
2018-09-24,16999.0,448570.0,tgju
2018-09-25,18668.0,479510.0,tgju
2018-09-26,17539.0,521760.0,tgju
2018-09-27,17539.0,488597.0,tgju
2018-09-29,17022.0,488281.0,tgju
2018-09-30,15177.0,477890.0,tgju
2018-10-01,14528.8,362460.0,tgju
2018-10-02,12100.0,407480.0,tgju
2018-10-03,12680.0,381814.0,tgju
2018-10-06,13110.0,353460.0,tgju
2018-10-07,14140.0,408630.0,tgju
2018-10-08,12140.0,410940.0,tgju
2018-10-09,12370.0,430570.0,tgju
2018-10-10,12190.0,423789.5,tgju
2018-10-13,13100.0,411105.0,tgju
2018-10-14,12510.0,410592.8,tgju
2018-10-15,13550.0,410609.3,tgju
2018-10-17,13400.0,410528.0,tgju
2018-10-21,14415.0,409605.0,tgju
2018-10-22,14194.0,406492.0,tgju
2018-10-23,14039.0,403148.0,tgju
2018-10-24,12100.0,403840.0,tgju
2018-10-26,11840.0,408141.9,tgju
2018-10-27,12060.0,411334.3,tgju
2018-10-28,11840.0,413875.0,tgju
2018-10-30,12050.0,418378.6,tgju
2018-10-31,11960.0,418771.1,tgju
2018-11-02,11920.0,414067.6,tgju
2018-11-03,12030.0,407049.4,tgju
2018-11-04,12050.0,404410.9,tgju
2018-11-05,12030.0,408527.0,tgju
2018-11-10,12060.0,410480.0,tgju
2018-11-11,11990.0,404020.0,tgju
2018-11-12,11920.0,399400.0,tgju
2018-11-14,11840.0,359000.0,tgju
2018-11-17,12087.0,358179.0,tgju
2018-11-18,12722.0,358351.0,tgju
2018-11-19,12840.0,360147.0,tgju
2018-11-20,12791.0,358578.0,tgju
2018-11-21,12771.0,354486.0,tgju
2018-11-26,12303.0,354840.0,tgju
2018-11-27,12115.0,345380.0,tgju
2018-11-28,11245.0,327600.0,tgju
2018-12-01,12110.0,349050.0,tgju
2018-12-02,11430.0,355530.0,tgju
2018-12-03,11367.0,340530.0,tgju
2018-12-04,11352.0,339140.0,tgju
2018-12-05,11303.0,338450.0,tgju
2018-12-08,11241.0,345840.0,tgju
2018-12-09,10790.0,330140.0,tgju
2018-12-11,9710.0,316980.0,tgju
2018-12-12,10130.0,322060.0,tgju
2018-12-15,9950.0,302430.0,tgju
2018-12-16,9940.0,308900.0,tgju
2018-12-17,9940.0,300820.0,tgju
2018-12-18,9990.0,307980.0,tgju
2018-12-19,9970.0,301970.0,tgju
2018-12-23,10100.0,308670.0,tgju
2018-12-24,10500.0,321370.0,tgju
2018-12-25,11200.0,361770.0,tgju
2018-12-26,10750.0,330600.0,tgju
2018-12-29,10700.0,322290.0,tgju
2018-12-30,10800.0,339600.0,tgju
2018-12-31,10500.0,339370.0,tgju
2019-01-01,10450.0,330140.0,tgju
2019-01-02,10600.0,337060.0,tgju
2019-01-05,10550.0,331000.0,tgju
2019-01-06,10700.0,337760.0,tgju
2019-01-07,10900.0,341220.0,tgju
2019-01-08,10880.0,342000.0,tgju
2019-01-09,10890.0,347920.0,tgju
2019-01-12,11400.0,360840.0,tgju
2019-01-13,10990.0,345610.0,tgju
2019-01-14,11250.0,356690.0,tgju
2019-01-15,11450.0,356800.0,tgju
2019-01-16,11590.0,361536.0,tgju
2019-01-19,11450.0,361000.0,tgju
2019-01-20,11630.0,368230.0,tgju
2019-01-21,11650.0,368460.0,tgju
2019-01-22,11540.0,368230.0,tgju
2019-01-23,11500.0,364080.0,tgju
2019-01-26,11790.0,373540.0,tgju
2019-01-27,11800.0,370080.0,tgju
2019-01-28,11830.0,375850.0,tgju
2019-01-29,11945.0,379080.0,tgju
2019-01-30,11850.0,376310.0,tgju
2019-02-02,11000.0,353920.0,tgju
2019-02-03,11650.0,364770.0,tgju
2019-02-04,11750.0,364080.0,tgju
2019-02-05,11850.0,371500.0,tgju
2019-02-06,11645.0,371690.0,tgju
2019-02-12,11930.0,383010.0,tgju
2019-02-13,11850.0,382780.0,tgju
2019-02-16,12350.0,391780.0,tgju
2019-02-17,12900.0,399400.0,tgju
2019-02-18,12800.0,414640.0,tgju
2019-02-19,12970.0,423290.0,tgju
2019-02-20,12970.0,437140.0,tgju
2019-02-23,13650.0,444880.0,tgju
2019-02-24,13450.0,432870.0,tgju
2019-02-25,13300.0,432180.0,tgju
2019-02-26,13250.0,431030.0,tgju
2019-02-27,13200.0,427100.0,tgju
2019-03-02,12986.0,424330.0,tgju
2019-03-03,12707.0,408400.0,tgju
2019-03-04,12598.0,401240.0,tgju
2019-03-05,13154.0,422250.0,tgju
2019-03-06,13037.0,411400.0,tgju
2019-03-09,13042.0,419950.0,tgju
2019-03-10,12905.0,417170.0,tgju
2019-03-11,12847.0,409330.0,tgju
2019-03-12,12855.0,408170.0,tgju
2019-03-13,13102.0,421100.0,tgju
2019-03-16,12883.0,416310.0,tgju
2019-03-17,12889.0,414000.0,tgju
2019-03-18,12894.0,415330.0,tgju
2019-03-25,12951.0,428300.0,tgju
2019-03-26,12942.0,428900.0,tgju
2019-03-27,13189.0,431500.0,tgju
2019-03-30,13200.0,428000.0,tgju
2019-04-03,13190.0,428320.0,tgju
2019-04-06,13391.0,434000.0,tgju
2019-04-07,13690.0,438900.0,tgju
2019-04-08,14175.0,452300.0,tgju
2019-04-09,13750.0,456900.0,tgju
2019-04-10,13731.0,442800.0,tgju
2019-04-13,13450.0,435600.0,tgju
2019-04-14,13690.0,436100.0,tgju
2019-04-15,13543.0,441200.0,tgju
2019-04-16,13401.0,424100.0,tgju
2019-04-17,13479.0,429200.0,tgju
2019-04-22,13942.0,437300.0,tgju
2019-04-23,13952.0,434300.0,tgju
2019-04-24,14048.0,440500.0,tgju
2019-04-27,14286.0,445600.0,tgju
2019-04-28,14352.0,445600.0,tgju
2019-04-29,14238.0,444000.0,tgju
2019-04-30,14507.0,449000.0,tgju
2019-05-01,14601.0,450400.0,tgju
2019-05-04,14751.0,457600.0,tgju
2019-05-05,15001.0,456200.0,tgju
2019-05-06,15239.0,468200.0,tgju
2019-05-07,15389.0,465900.0,tgju
2019-05-08,15601.0,471200.0,tgju
2019-05-11,14797.0,459200.0,tgju
2019-05-12,15047.0,452700.0,tgju
2019-05-13,15151.0,459900.0,tgju
2019-05-14,14849.0,464300.0,tgju
2019-05-15,14638.0,452700.0,tgju
2019-05-18,14351.0,444400.0,tgju
2019-05-19,14036.0,434500.0,tgju
2019-05-20,14238.0,414400.0,tgju
2019-05-21,14401.0,424100.0,tgju
2019-05-22,14201.0,436100.0,tgju
2019-05-25,14201.0,430800.0,tgju
2019-05-28,13597.0,419900.0,tgju
2019-05-29,13739.0,418600.0,tgju
2019-06-01,13458.0,417600.0,tgju
2019-06-02,13268.0,411400.0,tgju
2019-06-08,12719.0,412600.0,tgju
2019-06-09,13141.0,408400.0,tgju
2019-06-10,13058.0,413900.0,tgju
2019-06-11,13135.0,411600.0,tgju
2019-06-12,13209.0,413500.0,tgju
2019-06-15,13791.0,432000.0,tgju
2019-06-16,13549.0,434000.0,tgju
2019-06-17,13261.0,428500.0,tgju
2019-06-18,13401.0,425700.0,tgju
2019-06-19,13463.0,428300.0,tgju
2019-06-22,13393.0,430600.0,tgju
2019-06-23,13404.0,441200.0,tgju
2019-06-24,13204.0,440700.0,tgju
2019-06-25,13234.0,440000.0,tgju
2019-06-26,13226.0,436600.0,tgju
2019-06-30,13014.0,429200.0,tgju
2019-07-01,12915.0,427300.0,tgju
2019-07-02,12984.0,426400.0,tgju
2019-07-03,13082.0,432200.0,tgju
2019-07-06,13065.0,437500.0,tgju
2019-07-07,12889.0,432600.0,tgju
2019-07-08,12972.0,429200.0,tgju
2019-07-09,12968.0,428700.0,tgju
2019-07-10,12958.0,429600.0,tgju
2019-07-13,12492.0,421100.0,tgju
2019-07-14,12112.0,418300.0,tgju
2019-07-15,11871.0,409300.0,tgju
2019-07-16,11813.0,394300.0,tgju
2019-07-17,11921.0,394800.0,tgju
2019-07-20,12214.0,398900.0,tgju
2019-07-21,12335.0,402400.0,tgju
2019-07-22,12524.0,407500.0,tgju
2019-07-23,12028.0,416900.0,tgju
2019-07-24,11892.0,402600.0,tgju
2019-07-27,12064.0,413900.0,tgju
2019-07-28,12149.0,405400.0,tgju
2019-07-29,12024.0,408400.0,tgju
2019-07-30,11914.0,408900.0,tgju
2019-07-31,12079.0,402600.0,tgju
2019-08-03,11944.0,404900.0,tgju
2019-08-04,12025.0,407900.0,tgju
2019-08-05,11955.0,414400.0,tgju
2019-08-06,11967.0,413900.0,tgju
2019-08-07,11932.0,420900.0,tgju
2019-08-10,11695.0,413000.0,tgju
2019-08-13,11670.0,416000.0,tgju
2019-08-14,11701.0,415100.0,tgju
2019-08-17,11734.0,420200.0,tgju
2019-08-18,11703.0,417400.0,tgju
2019-08-21,11685.0,416000.0,tgju
2019-08-24,11301.0,417400.0,tgju
2019-08-25,11085.0,415100.0,tgju
2019-08-26,11225.0,404000.0,tgju
2019-08-27,11220.0,408400.0,tgju
2019-08-28,11312.0,407200.0,tgju
2019-08-31,11382.0,412800.0,tgju
2019-09-01,11375.0,410700.0,tgju
2019-09-02,11451.0,411400.0,tgju
2019-09-03,11405.0,412600.0,tgju
2019-09-04,11475.0,416300.0,tgju
2019-09-07,11675.0,413200.0,tgju
2019-09-11,11674.0,410200.0,tgju
2019-09-14,11343.0,404700.0,tgju
2019-09-15,11455.0,407000.0,tgju
2019-09-16,11514.0,407000.0,tgju
2019-09-17,11536.0,406800.0,tgju
2019-09-18,11533.0,410000.0,tgju
2019-09-21,11431.0,411200.0,tgju
2019-09-22,11393.0,407000.0,tgju
2019-09-23,11445.0,407200.0,tgju
2019-09-24,11418.0,409100.0,tgju
2019-09-25,11438.0,408400.0,tgju
2019-09-28,11464.0,407200.0,tgju
2019-09-29,11581.0,409600.0,tgju
2019-09-30,11501.0,407700.0,tgju
2019-10-01,11523.0,405900.0,tgju
2019-10-02,11549.0,407900.0,tgju
2019-10-05,11450.0,408200.0,tgju
2019-10-06,11473.0,407900.0,tgju
2019-10-07,11492.0,407500.0,tgju
2019-10-08,11498.0,407900.0,tgju
2019-10-09,11483.0,407900.0,tgju
2019-10-12,11403.0,406300.0,tgju
2019-10-13,11396.0,405200.0,tgju
2019-10-14,11411.0,404900.0,tgju
2019-10-15,11422.0,406600.0,tgju
2019-10-16,11423.0,404500.0,tgju
2019-10-20,11340.0,404000.0,tgju
2019-10-21,11343.0,402400.0,tgju
2019-10-22,11232.0,400600.0,tgju
2019-10-23,11191.0,394800.0,tgju
2019-10-30,11255.0,398700.0,tgju
2019-11-02,11371.0,411900.0,tgju
2019-11-03,11365.0,406800.0,tgju
2019-11-04,11415.0,407700.0,tgju
2019-11-09,11433.0,404000.0,tgju
2019-11-10,11496.0,408200.0,tgju
2019-11-11,11524.0,405900.0,tgju
2019-11-12,11770.0,410200.0,tgju
2019-11-13,11787.0,411600.0,tgju
2019-11-16,12250.0,425900.0,tgju
2019-11-17,12265.0,426400.0,tgju
2019-11-18,12252.0,425900.0,tgju
2019-11-19,11913.0,422900.0,tgju
2019-11-20,11898.0,422900.0,tgju
2019-11-23,12274.0,421300.0,tgju
2019-11-24,12415.0,424100.0,tgju
2019-11-25,12297.0,428900.0,tgju
2019-11-26,12582.0,426200.0,tgju
2019-11-27,12599.0,433600.0,tgju
2019-11-30,12812.0,435000.0,tgju
2019-12-01,12655.0,442600.0,tgju
2019-12-02,12765.0,442600.0,tgju
2019-12-03,12904.0,445800.0,tgju
2019-12-04,13049.0,449700.0,tgju
2019-12-07,13445.0,460800.0,tgju
2019-12-08,13803.0,469800.0,tgju
2019-12-09,13584.0,477200.0,tgju
2019-12-10,13105.0,463300.0,tgju
2019-12-11,12751.0,456400.0,tgju
2019-12-14,12584.0,437300.0,tgju
2019-12-15,12752.0,447600.0,tgju
2019-12-16,13067.0,448600.0,tgju
2019-12-17,12915.0,459000.0,tgju
2019-12-18,12999.0,450900.0,tgju
2019-12-21,13169.0,464500.0,tgju
2019-12-22,13149.0,461000.0,tgju
2019-12-23,13109.0,464000.0,tgju
2019-12-24,13191.0,464500.0,tgju
2019-12-25,13182.0,469100.0,tgju
2019-12-28,13158.0,470500.0,tgju
2019-12-29,13162.0,467700.0,tgju
2019-12-30,13319.0,468900.0,tgju
2019-12-31,13299.0,478600.0,tgju
2020-01-01,13299.0,473700.0,tgju
2020-01-04,13922.0,493100.0,tgju
2020-01-05,13809.0,501200.0,tgju
2020-01-06,13966.0,504000.0,tgju
2020-01-07,13935.0,506300.0,tgju
2020-01-08,13390.0,504200.0,tgju
2020-01-11,13429.0,481400.0,tgju
2020-01-12,13415.0,489000.0,tgju
2020-01-13,13550.0,491500.0,tgju
2020-01-14,13496.0,493100.0,tgju
2020-01-15,13516.0,495000.0,tgju
2020-01-18,13449.0,492700.0,tgju
2020-01-19,13499.0,497300.0,tgju
2020-01-20,13439.0,497500.0,tgju
2020-01-21,13485.0,493100.0,tgju
2020-01-22,13529.0,497500.0,tgju
2020-01-25,13579.0,503300.0,tgju
2020-01-26,13619.0,506500.0,tgju
2020-01-27,13719.0,510400.0,tgju
2020-01-28,13402.0,511600.0,tgju
2020-01-30,13454.0,514400.0,tgju
2020-02-01,13550.0,504700.0,tgju
2020-02-02,13604.0,510200.0,tgju
2020-02-03,13569.0,510700.0,tgju
2020-02-04,13669.0,503700.0,tgju
2020-02-05,13673.0,507900.0,tgju
2020-02-06,13506.0,507700.0,tgju
2020-02-08,13889.0,516000.0,tgju
2020-02-09,13959.0,517100.0,tgju
2020-02-10,13604.0,519200.0,tgju
2020-02-12,14043.0,522200.0,tgju
2020-02-13,13849.0,517400.0,tgju
2020-02-15,14186.0,530800.0,tgju
2020-02-16,14162.0,532800.0,tgju
2020-02-17,14403.0,535400.0,tgju
2020-02-18,14349.0,541600.0,tgju
2020-02-19,14393.0,547800.0,tgju
2020-02-20,14203.0,548500.0,tgju
2020-02-22,15255.0,597700.0,tgju
2020-02-23,15609.0,599100.0,tgju
2020-02-24,15629.0,624300.0,tgju
2020-02-25,15639.0,628400.0,tgju
2020-02-26,15709.0,624500.0,tgju
2020-02-27,15701.0,620800.0,tgju
2020-02-29,15506.0,576900.0,tgju
2020-03-01,15699.0,606000.0,tgju
2020-03-02,15313.0,592200.0,tgju
2020-03-03,15436.0,598400.0,tgju
2020-03-04,15271.0,597700.0,tgju
2020-03-05,14995.0,598900.0,tgju
2020-03-07,14996.0,603000.0,tgju
2020-03-09,15389.0,605300.0,tgju
2020-03-10,15399.0,607400.0,tgju
2020-03-11,15390.0,593100.0,tgju
2020-03-12,14851.0,591500.0,tgju
2020-03-14,15657.0,582000.0,tgju
2020-03-15,15837.0,598900.0,tgju
2020-03-16,16069.0,589900.0,tgju
2020-03-17,15992.0,608300.0,tgju
2020-03-18,14903.0,602600.0,tgju
2020-03-24,14897.1,619200.0,tgju
2020-03-25,14899.2,613900.0,tgju
2020-03-28,14901.0,625900.0,tgju
2020-03-29,14901.1,636700.0,tgju
2020-04-02,14896.0,637200.0,tgju
2020-04-04,16419.0,654000.0,tgju
2020-04-05,16295.0,655400.0,tgju
2020-04-06,16139.0,656100.0,tgju
2020-04-07,15965.0,648700.0,tgju
2020-04-08,16106.0,633950.0,tgju
2020-04-11,16224.0,649000.0,tgju
2020-04-12,16109.0,643400.0,tgju
2020-04-13,16028.0,640900.0,tgju
2020-04-14,15961.0,640200.0,tgju
2020-04-15,15969.0,636500.0,tgju
2020-04-16,15500.0,629100.0,tgju
2020-04-18,15439.0,599600.0,tgju
2020-04-19,15442.0,609900.0,tgju
2020-04-20,16089.0,611800.0,tgju
2020-04-21,16308.0,630700.0,tgju
2020-04-22,16269.0,654000.0,tgju
2020-04-23,15503.0,645700.0,tgju
2020-04-25,16152.0,652400.0,tgju
2020-04-26,16151.0,636000.0,tgju
2020-04-27,16079.0,637700.0,tgju
2020-04-28,16241.0,642300.0,tgju
2020-04-29,16142.0,645700.0,tgju
2020-04-30,15600.0,640000.0,tgju
2020-05-02,16079.0,634700.0,tgju
2020-05-03,16139.0,640200.0,tgju
2020-05-04,16142.0,645700.0,tgju
2020-05-05,16138.0,649900.0,tgju
2020-05-06,16289.0,648700.0,tgju
2020-05-07,15700.0,651700.0,tgju
2020-05-09,16492.0,663700.0,tgju
2020-05-10,16842.0,667200.0,tgju
2020-05-11,17021.0,675700.0,tgju
2020-05-12,17108.0,686600.0,tgju
2020-05-13,16861.0,688000.0,tgju
2020-05-14,16854.0,684300.0,tgju
2020-05-16,16911.0,707100.0,tgju
2020-05-17,17578.0,715900.0,tgju
2020-05-18,17691.0,720500.0,tgju
2020-05-19,17891.0,741300.0,tgju
2020-05-20,17701.0,737600.0,tgju
2020-05-21,17305.0,736700.0,tgju
2020-05-23,17548.0,729300.0,tgju
2020-05-26,17378.0,710400.0,tgju
2020-05-27,17571.0,710100.0,tgju
2020-05-28,17061.0,719600.0,tgju
2020-05-30,17601.0,733500.0,tgju
2020-05-31,17702.0,719800.0,tgju
2020-06-01,17712.0,727200.0,tgju
2020-06-06,17681.0,711800.0,tgju
2020-06-07,17611.0,712000.0,tgju
2020-06-08,17791.0,716800.0,tgju
2020-06-09,17988.0,726300.0,tgju
2020-06-10,17980.0,743400.0,tgju
2020-06-11,17750.0,740400.0,tgju
2020-06-13,17948.0,732800.0,tgju
2020-06-14,18291.0,742500.0,tgju
2020-06-15,18571.0,740800.0,tgju
2020-06-16,18567.0,756300.0,tgju
2020-06-18,18350.0,765800.0,tgju
2020-06-20,19480.0,787500.0,tgju
2020-06-21,19780.0,817700.0,tgju
2020-06-22,20100.0,821000.0,tgju
2020-06-23,19458.0,844000.0,tgju
2020-06-24,19148.0,836000.0,tgju
2020-06-25,18843.0,812400.0,tgju
2020-06-27,20217.0,855600.0,tgju
2020-06-28,20220.0,863700.0,tgju
2020-06-29,20530.0,871700.0,tgju
2020-06-30,20577.0,860400.0,tgju
2020-07-01,20780.0,866000.0,tgju
2020-07-04,22301.0,907100.0,tgju
2020-07-05,21781.0,930200.0,tgju
2020-07-06,22098.0,929900.0,tgju
2020-07-07,22470.0,957400.0,tgju
2020-07-08,22470.0,958600.0,tgju
2020-07-11,22701.0,964600.0,tgju
2020-07-12,23428.0,965900.0,tgju
2020-07-13,23630.0,995700.0,tgju
2020-07-14,23897.0,996000.0,tgju
2020-07-15,24137.0,1018800.0,tgju
2020-07-16,23102.0,1037000.0,tgju
2020-07-18,24548.0,1114400.0,tgju
2020-07-19,22900.0,1058300.0,tgju
2020-07-20,21901.0,980700.0,tgju
2020-07-21,21800.0,949600.0,tgju
2020-07-22,21838.0,969000.0,tgju
2020-07-23,20291.0,952300.0,tgju
2020-07-25,23097.0,1041400.0,tgju
2020-07-26,23350.0,1016000.0,tgju
2020-07-27,23450.0,1063600.0,tgju
2020-07-28,23431.0,1064500.0,tgju
2020-07-29,23547.0,1074400.0,tgju
2020-07-30,20802.0,1084400.0,tgju
2020-08-01,23220.0,1051400.0,tgju
2020-08-02,23271.0,1071400.0,tgju
2020-08-03,23281.0,1073100.0,tgju
2020-08-04,23491.0,1079300.0,tgju
2020-08-05,23660.0,1110500.0,tgju
2020-08-06,23002.0,1128700.0,tgju
2020-08-09,22051.0,1009600.0,tgju
2020-08-10,22217.0,1034700.0,tgju
2020-08-11,22247.0,1032200.0,tgju
2020-08-12,22447.0,1014200.0,tgju
2020-08-13,22050.0,1025000.0,tgju
2020-08-15,22451.0,999400.0,tgju
2020-08-16,23197.0,1038200.0,tgju
2020-08-17,22737.0,1066100.0,tgju
2020-08-18,22700.0,1059700.0,tgju
2020-08-19,23098.0,1047400.0,tgju
2020-08-20,22502.0,1052100.0,tgju
2020-08-22,22937.0,1049700.0,tgju
2020-08-23,23118.0,1041200.0,tgju
2020-08-24,23461.0,1057600.0,tgju
2020-08-25,23530.0,1052100.0,tgju
2020-08-26,23420.0,1059200.0,tgju
2020-08-27,23102.0,1061300.0,tgju
2020-08-31,24360.0,1093600.0,tgju
2020-09-01,24427.0,1127800.0,tgju
2020-09-02,24310.0,1106100.0,tgju
2020-09-03,22452.0,1106100.0,tgju
2020-09-05,24668.0,1101200.0,tgju
2020-09-06,24668.0,1096800.0,tgju
2020-09-07,25121.0,1101000.0,tgju
2020-09-08,25469.0,1122700.0,tgju
2020-09-09,25371.0,1143700.0,tgju
2020-09-10,22800.0,1154100.0,tgju
2020-09-12,26842.0,1170700.0,tgju
2020-09-13,26452.0,1197300.0,tgju
2020-09-14,26892.0,1178800.0,tgju
2020-09-15,26902.0,1219000.0,tgju
2020-09-16,26885.0,1228000.0,tgju
2020-09-17,26797.0,1215300.0,tgju
2020-09-19,27248.0,1205400.0,tgju
2020-09-20,27186.0,1249200.0,tgju
2020-09-21,27497.0,1226100.0,tgju
2020-09-22,28093.0,1236100.0,tgju
2020-09-23,28744.0,1246900.0,tgju
2020-09-24,27797.0,1246900.0,tgju
2020-09-26,29124.0,1249400.0,tgju
2020-09-27,29530.0,1256400.0,tgju
2020-09-28,29424.0,1265400.0,tgju
2020-09-29,29773.0,1293100.0,tgju
2020-09-30,29973.0,1324500.0,tgju
2020-10-01,28904.0,1351500.0,tgju
2020-10-03,28503.0,1338800.0,tgju
2020-10-04,29421.0,1300700.0,tgju
2020-10-05,29596.0,1338800.0,tgju
2020-10-06,29674.0,1365800.0,tgju
2020-10-07,29202.0,1356350.0,tgju
2020-10-10,30881.0,1420100.0,tgju
2020-10-11,31446.0,1448500.0,tgju
2020-10-12,31802.0,1474300.0,tgju
2020-10-13,31733.0,1475000.0,tgju
2020-10-14,32133.0,1464800.0,tgju
2020-10-18,30354.0,1470800.0,tgju
2020-10-19,26698.0,1405700.0,tgju
2020-10-20,29402.0,1217100.0,tgju
2020-10-21,29644.0,1288500.0,tgju
2020-10-22,29375.0,1356800.0,tgju
2020-10-24,29000.0,1315500.0,tgju
2020-10-26,28698.0,1263800.0,tgju
2020-10-27,28544.0,1282200.0,tgju
2020-10-28,28096.0,1252900.0,tgju
2020-10-29,27750.0,1241800.0,tgju
2020-10-31,27696.0,1174600.0,tgju
2020-11-01,28994.0,1236700.0,tgju
2020-11-02,28242.0,1315200.0,tgju
2020-11-04,26999.0,1301600.0,tgju
2020-11-07,25196.0,1140700.0,tgju
2020-11-08,26726.0,1165400.0,tgju
2020-11-09,27599.0,1246700.0,tgju
2020-11-10,27297.0,1224100.0,tgju
2020-11-11,27301.0,1218700.0,tgju
2020-11-12,26852.0,1213400.0,tgju
2020-11-14,28555.0,1205400.0,tgju
2020-11-15,26005.0,1161500.0,tgju
2020-11-16,26277.0,1169800.0,tgju
2020-11-17,26048.0,1160600.0,tgju
2020-11-18,25951.0,1120900.0,tgju
2020-11-19,25620.0,1113000.0,tgju
2020-11-21,25805.0,1139800.0,tgju
2020-11-22,25902.0,1130300.0,tgju
2020-11-23,25303.0,1068900.0,tgju
2020-11-24,24947.0,1064800.0,tgju
2020-11-25,24696.0,1057600.0,tgju
2020-11-26,24757.0,1046100.0,tgju
2020-11-28,25149.0,1034000.0,tgju
2020-11-29,25454.0,1053200.0,tgju
2020-11-30,26248.0,1055300.0,tgju
2020-12-01,25846.0,1106800.0,tgju
2020-12-02,26096.0,1115500.0,tgju
2020-12-05,25864.0,1111800.0,tgju
2020-12-06,25821.0,1126200.0,tgju
2020-12-07,25926.0,1130300.0,tgju
2020-12-08,26268.0,1145600.0,tgju
2020-12-09,26115.0,1152300.0,tgju
2020-12-10,26065.0,1152000.0,tgju
2020-12-12,25876.0,1136300.0,tgju
2020-12-13,25854.0,1117600.0,tgju
2020-12-14,25996.0,1125500.0,tgju
2020-12-15,25776.0,1145300.0,tgju
2020-12-16,26021.0,1137200.0,tgju
2020-12-17,25802.0,1137200.0,tgju
2020-12-19,25544.0,1132200.0,tgju
2020-12-20,25604.0,1142800.0,tgju
2020-12-21,25682.0,1142100.0,tgju
2020-12-22,25928.0,1144600.0,tgju
2020-12-23,25912.0,1149500.0,tgju
2020-12-24,25862.0,1153900.0,tgju
2020-12-26,25774.0,1138400.0,tgju
2020-12-27,25744.0,1146200.0,tgju
2020-12-28,25715.0,1146500.0,tgju
2020-12-29,25735.0,1143900.0,tgju
2020-12-30,25724.0,1147600.0,tgju
2021-01-02,25714.0,1146700.0,tgju
2021-01-03,25898.0,1158300.0,tgju
2021-01-04,26098.0,1189000.0,tgju
2021-01-05,25853.0,1206700.0,tgju
2021-01-06,25485.0,1166300.0,tgju
2021-01-07,25551.0,1157300.0,tgju
2021-01-09,24877.0,1096400.0,tgju
2021-01-10,24874.0,1107700.0,tgju
2021-01-11,24918.0,1101000.0,tgju
2021-01-12,24443.0,1105600.0,tgju
2021-01-13,23854.0,1083500.0,tgju
2021-01-14,23953.0,1039100.0,tgju
2021-01-16,22947.0,999900.0,tgju
2021-01-18,21983.0,920500.0,tgju
2021-01-19,22645.0,962900.0,tgju
2021-01-20,22787.0,1011200.0,tgju
2021-01-21,22655.0,1035200.0,tgju
2021-01-23,23462.0,1040100.0,tgju
2021-01-24,23354.0,1054800.0,tgju
2021-01-25,23431.0,1051600.0,tgju
2021-01-26,23803.0,1058500.0,tgju
2021-01-27,23965.0,1056000.0,tgju
2021-01-28,23211.0,1073100.0,tgju
2021-01-30,24444.0,1088100.0,tgju
2021-01-31,24085.0,1107900.0,tgju
2021-02-01,24348.0,1093800.0,tgju
2021-02-02,23949.0,1096400.0,tgju
2021-02-03,23907.0,1078100.0,tgju
2021-02-04,23747.0,1074400.0,tgju
2021-02-06,24385.0,1089900.0,tgju
2021-02-07,24978.0,1107900.0,tgju
2021-02-08,25148.0,1130800.0,tgju
2021-02-09,24103.0,1139800.0,tgju
2021-02-11,24696.0,1164900.0,tgju
2021-02-13,25745.0,1182000.0,tgju
2021-02-14,25498.0,1141600.0,tgju
2021-02-15,26145.0,1133600.0,tgju
2021-02-16,25803.0,1151800.0,tgju
2021-02-17,25945.0,1145800.0,tgju
2021-02-18,25171.0,1140900.0,tgju
2021-02-20,24704.0,1101500.0,tgju
2021-02-21,24504.0,1083000.0,tgju
2021-02-22,25139.0,1071900.0,tgju
2021-02-23,25401.0,1090800.0,tgju
2021-02-24,24821.0,1101900.0,tgju
2021-02-27,25345.0,1080500.0,tgju
2021-02-28,25425.0,1068900.0,tgju
2021-03-01,25267.0,1081100.0,tgju
2021-03-02,25309.0,1055700.0,tgju
2021-03-03,24976.0,1062200.0,tgju
2021-03-04,24661.0,1052100.0,tgju
2021-03-06,24776.0,1010500.0,tgju
2021-03-07,24706.0,1028300.0,tgju
2021-03-08,24648.0,1012800.0,tgju
2021-03-09,24583.0,1026200.0,tgju
2021-03-10,24242.0,1028700.0,tgju
2021-03-13,24654.0,1050200.0,tgju
2021-03-14,24724.0,1044700.0,tgju
2021-03-15,24851.0,1050700.0,tgju
2021-03-16,24899.0,1066100.0,tgju
2021-03-17,25134.0,1077000.0,tgju
2021-03-18,23963.0,1085500.0,tgju
2021-03-24,25148.7,1100990.0,tgju
2021-03-27,25624.0,1082800.0,tgju
2021-03-28,25233.0,1095900.0,tgju
2021-03-30,25796.0,1087400.0,tgju
2021-03-31,25752.0,1084600.0,tgju
2021-04-03,24946.0,1054400.0,tgju
2021-04-04,24924.0,1060600.0,tgju
2021-04-05,25245.0,1063100.0,tgju
2021-04-06,25061.0,1070300.0,tgju
2021-04-07,24799.0,1058300.0,tgju
2021-04-08,24466.0,1051100.0,tgju
2021-04-10,24749.0,1037700.0,tgju
2021-04-11,24995.0,1029900.0,tgju
2021-04-12,25032.0,1041900.0,tgju
2021-04-13,24897.0,1043300.0,tgju
2021-04-14,25015.0,1038700.0,tgju
2021-04-15,23987.0,1045400.0,tgju
2021-04-17,24618.0,1038700.0,tgju
2021-04-18,24054.0,1038900.0,tgju
2021-04-19,24181.0,1018300.0,tgju
2021-04-20,24184.0,1018800.0,tgju
2021-04-21,23864.0,1022300.0,tgju
2021-04-22,23330.0,1011700.0,tgju
2021-04-24,23732.0,1011200.0,tgju
2021-04-25,23692.0,1005900.0,tgju
2021-04-26,23667.0,994300.0,tgju
2021-04-27,23721.0,999000.0,tgju
2021-04-28,23522.0,996600.0,tgju
2021-04-29,23231.0,987400.0,tgju
2021-05-01,22171.0,967300.0,tgju
2021-05-02,22036.0,942400.0,tgju
2021-05-03,22021.0,939400.0,tgju
2021-05-05,21699.0,897400.0,tgju
2021-05-06,20648.0,939900.0,tgju
2021-05-08,21646.0,929900.0,tgju
2021-05-09,22152.0,938900.0,tgju
2021-05-11,22185.0,968300.0,tgju
2021-05-12,22585.0,984600.0,tgju
2021-05-15,22050.0,1000300.0,tgju
2021-05-16,22886.0,1019500.0,tgju
2021-05-17,23115.0,1014400.0,tgju
2021-05-18,22824.0,1027800.0,tgju
2021-05-19,23002.0,1014700.0,tgju
2021-05-20,22300.0,1019300.0,tgju
2021-05-22,23065.0,1021100.0,tgju
2021-05-23,23279.0,1028500.0,tgju
2021-05-24,23124.0,1035200.0,tgju
2021-05-25,23215.0,1032400.0,tgju
2021-05-26,23239.0,1044900.0,tgju
2021-05-27,22647.0,1046700.0,tgju
2021-05-29,23466.0,1066526.0,tgju
2021-05-30,23857.0,1082100.0,tgju
2021-05-31,23406.0,1100800.0,tgju
2021-06-01,23416.0,1095700.0,tgju
2021-06-02,23743.0,1091500.0,tgju
2021-06-03,23433.0,1079300.0,tgju
2021-06-07,23941.0,1085500.0,tgju
2021-06-08,24141.0,1074200.0,tgju
2021-06-09,23917.0,1080500.0,tgju
2021-06-10,23923.0,1073500.0,tgju
2021-06-12,24099.0,1070800.0,tgju
2021-06-13,23974.0,1076300.0,tgju
2021-06-14,24045.0,1069400.0,tgju
2021-06-15,24181.0,1072600.0,tgju
2021-06-16,24432.0,1080500.0,tgju
2021-06-17,24429.0,1065400.0,tgju
2021-06-19,23949.0,1013300.0,tgju
2021-06-20,24107.0,1028500.0,tgju
2021-06-21,24259.0,1035400.0,tgju
2021-06-22,24179.0,1042400.0,tgju
2021-06-23,24189.0,1038000.0,tgju
2021-06-24,24189.0,1033800.0,tgju
2021-06-26,24674.0,1050200.0,tgju
2021-06-27,24708.0,1058800.0,tgju
2021-06-28,24966.0,1064500.0,tgju
2021-06-29,25399.0,1065400.0,tgju
2021-06-30,25153.0,1073800.0,tgju
2021-07-01,25151.0,1067800.0,tgju
2021-07-03,25150.0,1067300.0,tgju
2021-07-04,24959.0,1060600.0,tgju
2021-07-05,25099.0,1058800.0,tgju
2021-07-06,25087.0,1068000.0,tgju
2021-07-07,25021.0,1060600.0,tgju
2021-07-10,24999.0,1063100.0,tgju
2021-07-11,24980.0,1063800.0,tgju
2021-07-12,24749.0,1062400.0,tgju
2021-07-13,24611.0,1054800.0,tgju
2021-07-14,24699.0,1050200.0,tgju
2021-07-15,24699.0,1059000.0,tgju
2021-07-17,24544.0,1053200.0,tgju
2021-07-18,24467.0,1050900.0,tgju
2021-07-19,24530.0,1052500.0,tgju
2021-07-20,24519.0,1056000.0,tgju
2021-07-22,24628.0,1053700.0,tgju
2021-07-24,24779.0,1053000.0,tgju
2021-07-25,25056.0,1061300.0,tgju
2021-07-26,25172.0,1075400.0,tgju
2021-07-27,25614.0,1076500.0,tgju
2021-07-28,25599.0,1095700.0,tgju
2021-07-31,25489.0,1110700.0,tgju
2021-08-01,25519.0,1096800.0,tgju
2021-08-02,25733.0,1094100.0,tgju
2021-08-03,25624.0,1099400.0,tgju
2021-08-04,25624.0,1098200.0,tgju
2021-08-07,25679.0,1081600.0,tgju
2021-08-08,25917.0,1086900.0,tgju
2021-08-09,26319.0,1083500.0,tgju
2021-08-10,26616.0,1090400.0,tgju
2021-08-11,26432.0,1111600.0,tgju
2021-08-12,26429.0,1107000.0,tgju
2021-08-14,26907.0,1116000.0,tgju
2021-08-15,26913.0,1138900.0,tgju
2021-08-16,26909.0,1148600.0,tgju
2021-08-17,26899.0,1144900.0,tgju
2021-08-21,27458.0,1146700.0,tgju
2021-08-22,27666.0,1154100.0,tgju
2021-08-23,27649.0,1173000.0,tgju
2021-08-24,27849.0,1174900.0,tgju
2021-08-25,27899.0,1171400.0,tgju
2021-08-26,27899.0,1171200.0,tgju
2021-08-28,27599.0,1201000.0,tgju
2021-08-29,27069.0,1183200.0,tgju
2021-08-30,27428.0,1154800.0,tgju
2021-08-31,27035.0,1164000.0,tgju
2021-09-01,27279.0,1154800.0,tgju
2021-09-02,27291.0,1161900.0,tgju
2021-09-04,27067.0,1161300.0,tgju
2021-09-05,27112.0,1168000.0,tgju
2021-09-06,27381.0,1167300.0,tgju
2021-09-07,27681.0,1168000.0,tgju
2021-09-08,27841.0,1182000.0,tgju
2021-09-09,27827.0,1183600.0,tgju
2021-09-11,27239.0,1173500.0,tgju
2021-09-12,27313.0,1158300.0,tgju
2021-09-13,27641.0,1157300.0,tgju
2021-09-14,27317.0,1167700.0,tgju
2021-09-15,27451.0,1153200.0,tgju
2021-09-16,27446.0,1151600.0,tgju
2021-09-18,27471.0,1129400.0,tgju
2021-09-19,27443.0,1132400.0,tgju
2021-09-20,27407.0,1136600.0,tgju
2021-09-21,27403.0,1136600.0,tgju
2021-09-22,27521.0,1142800.0,tgju
2021-09-23,27681.0,1151800.0,tgju
2021-09-25,27559.0,1156600.0,tgju
2021-09-26,27681.0,1146000.0,tgju
2021-09-28,28056.0,1147600.0,tgju
2021-09-29,28243.0,1158000.0,tgju
2021-09-30,28471.0,1160800.0,tgju
2021-10-02,28046.0,1162600.0,tgju
2021-10-03,28138.0,1158900.0,tgju
2021-10-04,28136.0,1169100.0,tgju
2021-10-06,27932.0,1159400.0,tgju
2021-10-09,27569.0,1153500.0,tgju
2021-10-11,27336.0,1141400.0,tgju
2021-10-12,27167.0,1125700.0,tgju
2021-10-13,27070.0,1141200.0,tgju
2021-10-14,27087.0,1141600.0,tgju
2021-10-16,27181.0,1145100.0,tgju
2021-10-17,27253.0,1133600.0,tgju
2021-10-18,27475.0,1135600.0,tgju
2021-10-19,27306.0,1145800.0,tgju
2021-10-20,27421.0,1143000.0,tgju
2021-10-21,27415.0,1149000.0,tgju
2021-10-23,27603.0,1162900.0,tgju
2021-10-25,27561.0,1167300.0,tgju
2021-10-26,27687.0,1164500.0,tgju
2021-10-27,27667.0,1173500.0,tgju
2021-10-28,27657.0,1171600.0,tgju
2021-10-30,27576.0,1169600.0,tgju
2021-10-31,27504.0,1169100.0,tgju
2021-11-01,27603.0,1173300.0,tgju
2021-11-02,27898.0,1168200.0,tgju
2021-11-03,27657.0,1165600.0,tgju
2021-11-04,27651.0,1168400.0,tgju
2021-11-06,27988.0,1198000.0,tgju
2021-11-07,28025.0,1202300.0,tgju
2021-11-08,28106.0,1211800.0,tgju
2021-11-09,28376.0,1221700.0,tgju
2021-11-10,28424.0,1249400.0,tgju
2021-11-11,28424.0,1263800.0,tgju
2021-11-13,28524.0,1276000.0,tgju
2021-11-14,28040.0,1269500.0,tgju
2021-11-15,28148.0,1260300.0,tgju
2021-11-16,28354.0,1253400.0,tgju
2021-11-17,28140.0,1250400.0,tgju
2021-11-18,27898.0,1240400.0,tgju
2021-11-20,28289.0,1236500.0,tgju
2021-11-21,28440.0,1239700.0,tgju
2021-11-22,28644.0,1250600.0,tgju
2021-11-23,29166.0,1236100.0,tgju
2021-11-24,28977.0,1253100.0,tgju
2021-11-25,28808.0,1250400.0,tgju
2021-11-27,29472.0,1254300.0,tgju
2021-11-28,29435.0,1268800.0,tgju
2021-11-29,29054.0,1269800.0,tgju
2021-11-30,29190.0,1258400.0,tgju
2021-12-01,29339.0,1262100.0,tgju
2021-12-02,27324.0,1258900.0,tgju
2021-12-04,30338.0,1309700.0,tgju
2021-12-05,30971.0,1305300.0,tgju
2021-12-06,30693.0,1320300.0,tgju
2021-12-07,30701.0,1318500.0,tgju
2021-12-08,30706.0,1309700.0,tgju
2021-12-09,27704.0,1306700.0,tgju
2021-12-11,30160.0,1298200.0,tgju
2021-12-12,29772.0,1288700.0,tgju
2021-12-13,30222.0,1285700.0,tgju
2021-12-14,30134.0,1303500.0,tgju
2021-12-15,29950.0,1291700.0,tgju
2021-12-16,27417.0,1299100.0,tgju
2021-12-18,29910.0,1280200.0,tgju
2021-12-19,30071.0,1283200.0,tgju
2021-12-20,30178.0,1284500.0,tgju
2021-12-21,30077.0,1299300.0,tgju
2021-12-22,30073.0,1310900.0,tgju
2021-12-25,29937.0,1290100.0,tgju
2021-12-26,29857.0,1299100.0,tgju
2021-12-27,29521.0,1286400.0,tgju
2021-12-28,29659.0,1287500.0,tgju
2021-12-29,29818.0,1292800.0,tgju
2021-12-30,27388.0,1297500.0,tgju
2022-01-01,29548.0,1293300.0,tgju
2022-01-02,29265.0,1284300.0,tgju
2022-01-03,29032.0,1278300.0,tgju
2022-01-04,28643.0,1267200.0,tgju
2022-01-08,27375.0,1211600.0,tgju
2022-01-09,27882.0,1176500.0,tgju
2022-01-10,28038.0,1198700.0,tgju
2022-01-11,27709.0,1225200.0,tgju
2022-01-12,27960.0,1221500.0,tgju
2022-01-13,26662.0,1227500.0,tgju
2022-01-15,27508.0,1198400.0,tgju
2022-01-16,27303.0,1198400.0,tgju
2022-01-17,27343.0,1186000.0,tgju
2022-01-18,27474.0,1193300.0,tgju
2022-01-19,27514.0,1209300.0,tgju
2022-01-20,27525.0,1218000.0,tgju
2022-01-22,27769.0,1213000.0,tgju
2022-01-23,27965.0,1236300.0,tgju
2022-01-24,27779.0,1243200.0,tgju
2022-01-25,27858.0,1238400.0,tgju
2022-01-26,27790.0,1239100.0,tgju
2022-01-27,27771.0,1232400.0,tgju
2022-01-29,27882.0,1225400.0,tgju
2022-01-30,27691.0,1227300.0,tgju
2022-01-31,27460.0,1215700.0,tgju
2022-02-01,27254.0,1213000.0,tgju
2022-02-02,27281.0,1210200.0,tgju
2022-02-03,27265.0,1210900.0,tgju
2022-02-05,26760.0,1170500.0,tgju
2022-02-06,26460.0,1185500.0,tgju
2022-02-07,26052.0,1178800.0,tgju
2022-02-08,26224.0,1157300.0,tgju
2022-02-09,26232.0,1166100.0,tgju
2022-02-10,26227.0,1163600.0,tgju
2022-02-12,26867.0,1203300.0,tgju
2022-02-13,26965.0,1218500.0,tgju
2022-02-16,26312.0,1205100.0,tgju
2022-02-19,25417.0,1186200.0,tgju
2022-02-20,25792.0,1172300.0,tgju
2022-02-21,26057.0,1175600.0,tgju
2022-02-22,25949.0,1188300.0,tgju
2022-02-23,26155.0,1190100.0,tgju
2022-02-24,26144.0,1230100.0,tgju
2022-02-26,25985.0,1204400.0,tgju
2022-02-27,25979.0,1203000.0,tgju
2022-02-28,25965.0,1203000.0,tgju
2022-03-02,25607.0,1199600.0,tgju
2022-03-03,25615.0,1200000.0,tgju
2022-03-05,25440.0,1198900.0,tgju
2022-03-06,25811.0,1195900.0,tgju
2022-03-07,26038.0,1211600.0,tgju
2022-03-08,25759.0,1247800.0,tgju
2022-03-09,25681.0,1222900.0,tgju
2022-03-10,25696.0,1217800.0,tgju
2022-03-12,26436.0,1223400.0,tgju
2022-03-13,26276.0,1240200.0,tgju
2022-03-14,26368.0,1230700.0,tgju
2022-03-15,26377.0,1224700.0,tgju
2022-03-16,26224.0,1216700.0,tgju
2022-03-17,26230.0,1229100.0,tgju
2022-03-18,26252.0,1230000.0,tgju
2022-03-26,26274.0,1234900.0,tgju
2022-03-27,26645.0,1246000.0,tgju
2022-03-28,27043.0,1246200.0,tgju
2022-03-29,27050.0,1250800.0,tgju
2022-03-30,27126.0,1257300.0,tgju
2022-03-31,27114.0,1257800.0,tgju
2022-04-03,27195.0,1251100.0,tgju
2022-04-04,27717.0,1275500.0,tgju
2022-04-05,27394.0,1293100.0,tgju
2022-04-06,27603.0,1279500.0,tgju
2022-04-07,27483.0,1287800.0,tgju
2022-04-09,27995.0,1302300.0,tgju
2022-04-10,28058.0,1316200.0,tgju
2022-04-11,28113.0,1332800.0,tgju
2022-04-12,27817.0,1324500.0,tgju
2022-04-13,27791.0,1313900.0,tgju
2022-04-14,27791.0,1306900.0,tgju
2022-04-16,27917.0,1322200.0,tgju
2022-04-17,27669.0,1321500.0,tgju
2022-04-18,27581.0,1307600.0,tgju
2022-04-19,27746.0,1293300.0,tgju
2022-04-20,27862.0,1310900.0,tgju
2022-04-24,27842.0,1285900.0,tgju
2022-04-25,27922.0,1278100.0,tgju
2022-04-26,28092.0,1285900.0,tgju
2022-04-27,28153.0,1290100.0,tgju
2022-04-28,27980.0,1294900.0,tgju
2022-04-30,28158.0,1289200.0,tgju
2022-05-01,28254.0,1294500.0,tgju
2022-05-02,28021.0,1292200.0,tgju
2022-05-05,28056.0,1307200.0,tgju
2022-05-07,28365.0,1313400.0,tgju
2022-05-08,28546.0,1313900.0,tgju
2022-05-09,29107.0,1309700.0,tgju
2022-05-11,25580.0,1318000.0,tgju
2022-05-12,25590.0,1395100.0,tgju
2022-05-14,30567.0,1362300.0,tgju
2022-05-15,30534.0,1382000.0,tgju
2022-05-16,30232.0,1374800.0,tgju
2022-05-17,30112.0,1359300.0,tgju
2022-05-18,29902.0,1348900.0,tgju
2022-05-21,30323.0,1384000.0,tgju
2022-05-22,30244.0,1374300.0,tgju
2022-05-23,30187.0,1378000.0,tgju
2022-05-24,30124.0,1379700.0,tgju
2022-05-25,30304.0,1379700.0,tgju
2022-05-28,30566.0,1390500.0,tgju
2022-05-29,30836.0,1410100.0,tgju
2022-05-30,31003.0,1418200.0,tgju
2022-05-31,31518.0,1428100.0,tgju
2022-06-01,31286.0,1444300.0,tgju
2022-06-06,31791.0,1428800.0,tgju
2022-06-07,31703.0,1439700.0,tgju
2022-06-08,32016.0,1487000.0,tgju
2022-06-11,32940.0,1483100.0,tgju
2022-06-12,32664.0,1507800.0,tgju
2022-06-13,32136.0,1472000.0,tgju
2022-06-14,31568.0,1443400.0,tgju
2022-06-15,31695.0,1428600.0,tgju
2022-06-18,31680.0,1450300.0,tgju
2022-06-19,31710.0,1428600.0,tgju
2022-06-20,31685.0,1434400.0,tgju
2022-06-21,31978.0,1441800.0,tgju
2022-06-22,31777.0,1444500.0,tgju
2022-06-25,31342.0,1413100.0,tgju
2022-06-26,30512.0,1394200.0,tgju
2022-06-27,30726.0,1354300.0,tgju
2022-06-28,31175.0,1358400.0,tgju
2022-06-29,31993.0,1385400.0,tgju
2022-07-02,32189.0,1455100.0,tgju
2022-07-03,31820.0,1419400.0,tgju
2022-07-04,31415.0,1422800.0,tgju
2022-07-05,31533.0,1364200.0,tgju
2022-07-06,31256.0,1367600.0,tgju
2022-07-11,31608.0,1389800.0,tgju
2022-07-12,31603.0,1381700.0,tgju
2022-07-13,32077.0,1397900.0,tgju
2022-07-16,32126.0,1373900.0,tgju
2022-07-19,31800.0,1350100.0,tgju
2022-07-20,31870.0,1349600.0,tgju
2022-07-23,32047.0,1355900.0,tgju
2022-07-24,31848.0,1347600.0,tgju
2022-07-25,31963.0,1345500.0,tgju
2022-07-26,32005.0,1355400.0,tgju
2022-07-27,31921.0,1352200.0,tgju
2022-07-30,31776.0,1376700.0,tgju
2022-07-31,31703.0,1365600.0,tgju
2022-08-01,31649.0,1358200.0,tgju
2022-08-02,31175.0,1366000.0,tgju
2022-08-03,31507.0,1356100.0,tgju
2022-08-09,31158.0,1372700.0,tgju
2022-08-10,31181.0,1356300.0,tgju
2022-08-13,30311.0,1326600.0,tgju
2022-08-14,30203.0,1327900.0,tgju
2022-08-15,30238.0,1300700.0,tgju
2022-08-16,29773.0,1302500.0,tgju
2022-08-17,30035.0,1282200.0,tgju
2022-08-20,29051.0,1189200.0,tgju
2022-08-21,29344.0,1234900.0,tgju
2022-08-22,29335.0,1234400.0,tgju
2022-08-23,29087.0,1250800.0,tgju
2022-08-24,29712.0,1249200.0,tgju
2022-08-27,29574.0,1272800.0,tgju
2022-08-28,29712.0,1255700.0,tgju
2022-08-29,29858.0,1265100.0,tgju
2022-08-30,29953.0,1265600.0,tgju
2022-08-31,29903.0,1268100.0,tgju
2022-09-01,29847.0,1256400.0,tgju
2022-09-03,30264.0,1270200.0,tgju
2022-09-04,30226.0,1283600.0,tgju
2022-09-05,30242.0,1271000.0,tgju
2022-09-06,30215.0,1275300.0,tgju
2022-09-07,30238.0,1276700.0,tgju
2022-09-08,30241.0,1282700.0,tgju
2022-09-10,30910.0,1286400.0,tgju
2022-09-11,30976.0,1312200.0,tgju
2022-09-12,31706.0,1324900.0,tgju
2022-09-13,31375.0,1337600.0,tgju
2022-09-14,31554.0,1323600.0,tgju
2022-09-15,31556.0,1322400.0,tgju
2022-09-18,31654.0,1308800.0,tgju
2022-09-19,31674.0,1306200.0,tgju
2022-09-20,31713.0,1307900.0,tgju
2022-09-21,31673.0,1321500.0,tgju
2022-09-22,31666.0,1332300.0,tgju
2022-09-24,31701.0,1310900.0,tgju
2022-09-26,31681.0,1311300.0,tgju
2022-09-28,31844.0,1317600.0,tgju
2022-09-29,31848.0,1329800.0,tgju
2022-10-01,33152.0,1374800.0,tgju
2022-10-02,33242.0,1377800.0,tgju
2022-10-03,33095.0,1393500.0,tgju
2022-10-04,33102.0,1398600.0,tgju
2022-10-05,32631.6,1386530.0,tgju
2022-10-08,32307.0,1375700.0,tgju
2022-10-09,32491.0,1351700.0,tgju
2022-10-10,32741.0,1353600.0,tgju
2022-10-11,32648.0,1358600.0,tgju
2022-10-12,32954.0,1361600.0,tgju
2022-10-13,32946.0,1361600.0,tgju
2022-10-15,33121.0,1346200.0,tgju
2022-10-16,32857.0,1355600.0,tgju
2022-10-17,32845.0,1350100.0,tgju
2022-10-18,32794.0,1344800.0,tgju
2022-10-19,32651.0,1339500.0,tgju
2022-10-20,32655.0,1340600.0,tgju
2022-10-22,32812.0,1353800.0,tgju
2022-10-23,32763.0,1342300.0,tgju
2022-10-24,32870.0,1337600.0,tgju
2022-10-25,32888.0,1346900.0,tgju
2022-10-26,33057.0,1360300.0,tgju
2022-10-29,32974.0,1348500.0,tgju
2022-10-30,33245.0,1355900.0,tgju
2022-10-31,33472.0,1360000.0,tgju
2022-11-01,34606.0,1373400.0,tgju
2022-11-02,34864.0,1396300.0,tgju
2022-11-05,36264.0,1449100.0,tgju
2022-11-06,36197.0,1480800.0,tgju
2022-11-07,36183.0,1485900.0,tgju
2022-11-08,35401.0,1475500.0,tgju
2022-11-09,35059.0,1467400.0,tgju
2022-11-10,35059.0,1466000.0,tgju
2022-11-12,35442.0,1480500.0,tgju
2022-11-13,35801.0,1487500.0,tgju
2022-11-14,35595.0,1508200.0,tgju
2022-11-15,35466.9,1520700.0,tgju
2022-11-16,34970.4,1514200.0,tgju
2022-11-17,34751.0,1485600.0,tgju
2022-11-19,35309.1,1487200.0,tgju
2022-11-20,35704.2,1491200.0,tgju
2022-11-21,35658.0,1491900.0,tgju
2022-11-22,35512.6,1502000.0,tgju
2022-11-23,35459.3,1496200.0,tgju
2022-11-24,34990.0,1503400.0,tgju
2022-11-26,36011.4,1504300.0,tgju
2022-11-27,36035.0,1539000.0,tgju
2022-11-28,35505.0,1529300.0,tgju
2022-11-29,35700.0,1526900.0,tgju
2022-11-30,35888.0,1554200.0,tgju
2022-12-01,35795.0,1577300.0,tgju
2022-12-03,36311.0,1591800.0,tgju
2022-12-04,36315.0,1594400.0,tgju
2022-12-05,36187.0,1581200.0,tgju
2022-12-06,36289.0,1573800.0,tgju
2022-12-07,36396.0,1589500.0,tgju
2022-12-10,37282.0,1626700.0,tgju
2022-12-11,37956.0,1645400.0,tgju
2022-12-12,38517.0,1671700.0,tgju
2022-12-13,38339.0,1698200.0,tgju
2022-12-14,37828.0,1694200.0,tgju
2022-12-15,37828.0,1690200.0,tgju
2022-12-17,39327.0,1762900.0,tgju
2022-12-18,39679.0,1743700.0,tgju
2022-12-19,39146.0,1765700.0,tgju
2022-12-20,39633.0,1742100.0,tgju
2022-12-21,39761.0,1768900.0,tgju
2022-12-22,39050.0,1800100.0,tgju
2022-12-24,41003.0,1832600.0,tgju
2022-12-25,41494.0,1845300.0,tgju
2022-12-26,39721.0,1878300.0,tgju
2022-12-28,43436.0,1991700.0,tgju
2022-12-29,41615.0,1915300.0,tgju
2022-12-31,41174.0,1802800.0,tgju
2023-01-01,40953.0,1854300.0,tgju
2023-01-02,39738.0,1850200.0,tgju
2023-01-03,39755.0,1796100.0,tgju
2023-01-04,40062.0,1804700.0,tgju
2023-01-05,39483.0,1804900.0,tgju
2023-01-07,41089.0,1895200.0,tgju
2023-01-08,40680.0,1898400.0,tgju
2023-01-10,40830.0,1884100.0,tgju
2023-01-11,41162.0,1892900.0,tgju
2023-01-14,40977.0,1930700.0,tgju
2023-01-15,41117.0,1921700.0,tgju
2023-01-16,41881.0,1941100.0,tgju
2023-01-17,43180.0,1992100.0,tgju
2023-01-18,42832.0,2020300.0,tgju
2023-01-21,44940.0,2061400.0,tgju
2023-01-22,44832.0,2085400.0,tgju
2023-01-23,43585.0,2083100.0,tgju
2023-01-24,43762.0,2036000.0,tgju
2023-01-25,44556.0,2061400.0,tgju
2023-01-28,44821.0,2096000.0,tgju
2023-01-29,44605.0,2136000.0,tgju
2023-01-30,44730.0,2112000.0,tgju
2023-01-31,44704.0,2071100.0,tgju
2023-02-01,45010.0,2140800.0,tgju
2023-02-05,44940.0,2088900.0,tgju
2023-02-06,44237.0,2069900.0,tgju
2023-02-07,44561.0,2074600.0,tgju
2023-02-08,44954.0,2087500.0,tgju
2023-02-12,45605.0,2132300.0,tgju
2023-02-13,45907.0,2119600.0,tgju
2023-02-14,47217.0,2143400.0,tgju
2023-02-16,45112.0,2184700.0,tgju
2023-02-19,49902.0,2281200.0,tgju
2023-02-20,49891.0,2344200.0,tgju
2023-02-21,51105.0,2317900.0,tgju
2023-02-22,52232.0,2602800.0,tgju
2023-02-25,58493.0,2732000.0,tgju
2023-02-26,58438.0,2790220.0,tgju
2023-02-27,55934.0,2577720.0,tgju
2023-02-28,55651.0,2534000.0,tgju
2023-03-01,55655.0,2507400.0,tgju
2023-03-04,50900.0,2514800.0,tgju
2023-03-05,51104.0,2343500.0,tgju
2023-03-06,50348.0,2348100.0,tgju
2023-03-07,50907.0,2348070.0,tgju
2023-03-08,49298.8,2281900.0,tgju
2023-03-11,44505.0,2046900.0,tgju
2023-03-12,45284.0,1991200.0,tgju
2023-03-13,47080.0,2169700.0,tgju
2023-03-14,46947.0,2283700.0,tgju
2023-03-15,46557.0,2317000.0,tgju
2023-03-18,48091.0,2506700.0,tgju
2023-03-25,50791.0,2579000.0,tgju
2023-03-26,51092.0,2575480.0,tgju
2023-03-27,51190.0,2555150.0,tgju
2023-03-28,51175.0,2578380.0,tgju
2023-03-29,54904.0,2575540.0,tgju
2023-04-03,51108.0,2575300.0,tgju
2023-04-04,51108.0,2583200.0,tgju
2023-04-05,50799.0,2593800.0,tgju
2023-04-06,51048.3,2553300.0,tgju
2023-04-08,50308.0,2548100.0,tgju
2023-04-09,50460.0,2487800.0,tgju
2023-04-10,50888.0,2518000.0,tgju
2023-04-12,51001.9,2554180.0,tgju
2023-04-15,51259.0,2513000.0,tgju
2023-04-16,51455.0,2602800.0,tgju
2023-04-17,51757.0,2568200.0,tgju
2023-04-18,51708.0,2579500.0,tgju
2023-04-19,51388.0,2602100.0,tgju
2023-04-23,51775.9,2596890.0,tgju
2023-04-25,51781.0,2572500.0,tgju
2023-04-26,53505.0,2633300.0,tgju
2023-04-27,53283.0,2658000.0,tgju
2023-04-29,54909.0,2709900.0,tgju
2023-04-30,55735.0,2778700.0,tgju
2023-05-01,54645.0,2747300.0,tgju
2023-05-02,54020.0,2722100.0,tgju
2023-05-03,54180.0,2725800.0,tgju
2023-05-04,53684.0,2734600.0,tgju
2023-05-06,52752.0,2641300.0,tgju
2023-05-07,53587.0,2639000.0,tgju
2023-05-08,53172.0,2659100.0,tgju
2023-05-09,52951.0,2641600.0,tgju
2023-05-10,53041.0,2652900.0,tgju
2023-05-11,53036.0,2642500.0,tgju
2023-05-13,51381.0,2569500.0,tgju
2023-05-14,52106.0,2523800.0,tgju
2023-05-17,51209.0,2515700.0,tgju
2023-05-18,51098.0,2499800.0,tgju
2023-05-20,51853.0,2552000.0,tgju
2023-05-21,52331.0,2564700.0,tgju
2023-05-22,52251.0,2577800.0,tgju
2023-05-23,51504.0,2564700.0,tgju
2023-05-24,51619.0,2536800.0,tgju
2023-05-25,51432.0,2527100.0,tgju
2023-05-27,51517.0,2500300.0,tgju
2023-05-28,51835.0,2497000.0,tgju
2023-05-29,51342.0,2528000.0,tgju
2023-05-30,50958.0,2496600.0,tgju
2023-05-31,51333.0,2495900.0,tgju
2023-06-01,51089.0,2504000.0,tgju
2023-06-03,50925.0,2464700.0,tgju
2023-06-06,49635.0,2458500.0,tgju
2023-06-07,49290.0,2366600.0,tgju
2023-06-08,49084.0,2348600.0,tgju
2023-06-10,47009.0,2318100.0,tgju
2023-06-11,48197.0,2232700.0,tgju
2023-06-12,49910.0,2277000.0,tgju
2023-06-13,48858.0,2346800.0,tgju
2023-06-14,48802.0,2319300.0,tgju
2023-06-15,48810.0,2307700.0,tgju
2023-06-17,49228.0,2351600.0,tgju
2023-06-18,48681.0,2358100.0,tgju
2023-06-19,48974.0,2311200.0,tgju
2023-06-20,48588.0,2295000.0,tgju
2023-06-21,49731.0,2333400.0,tgju
2023-06-22,49713.0,2335200.0,tgju
2023-06-24,49951.0,2430300.0,tgju
2023-06-25,49797.0,2358800.0,tgju
2023-06-26,49292.0,2359000.0,tgju
2023-06-27,49235.0,2349300.0,tgju
2023-06-28,49280.0,2348400.0,tgju
2023-07-01,49993.0,2400500.0,tgju
2023-07-02,50299.0,2398900.0,tgju
2023-07-03,50284.0,2382300.0,tgju
2023-07-04,50310.0,2370100.0,tgju
2023-07-05,50313.0,2386100.0,tgju
2023-07-06,50313.0,2383700.0,tgju
2023-07-08,49963.0,2359450.0,tgju
2023-07-09,49829.0,2353000.0,tgju
2023-07-10,49146.0,2340500.0,tgju
2023-07-11,49243.0,2347450.0,tgju
2023-07-12,49261.0,2353900.0,tgju
2023-07-13,49261.0,2349300.0,tgju
2023-07-15,48370.0,2325200.0,tgju
2023-07-16,48818.0,2329100.0,tgju
2023-07-17,48817.0,2321950.0,tgju
2023-07-18,48470.0,2315000.0,tgju
2023-07-19,48637.0,2320000.0,tgju
2023-07-20,48637.0,2317700.0,tgju
2023-07-22,48336.0,2290200.0,tgju
2023-07-23,48614.0,2326900.0,tgju
2023-07-24,48837.0,2336050.0,tgju
2023-07-25,49025.0,2343150.0,tgju
2023-07-26,48899.0,2333250.0,tgju
2023-07-29,48797.0,2335100.0,tgju
2023-07-30,49366.0,2370300.0,tgju
2023-07-31,50070.0,2396500.0,tgju
2023-08-01,50070.0,2391800.0,tgju
2023-08-02,49867.0,2390200.0,tgju
2023-08-05,49632.0,2366600.0,tgju
2023-08-06,49644.0,2359100.0,tgju
2023-08-07,49350.0,2346150.0,tgju
2023-08-08,49542.0,2354600.0,tgju
2023-08-09,49659.0,2351250.0,tgju
2023-08-10,49673.0,2349500.0,tgju
2023-08-12,49142.0,2326200.0,tgju
2023-08-13,49296.0,2336700.0,tgju
2023-08-14,49248.0,2324100.0,tgju
2023-08-15,48944.0,2321550.0,tgju
2023-08-16,48858.0,2306350.0,tgju
2023-08-17,48858.0,2304300.0,tgju
2023-08-19,48792.0,2285450.0,tgju
2023-08-20,48695.0,2292600.0,tgju
2023-08-21,49273.0,2320200.0,tgju
2023-08-22,49023.0,2318600.0,tgju
2023-08-23,49167.0,2318450.0,tgju
2023-08-24,49167.0,2313000.0,tgju
2023-08-26,49162.0,2318500.0,tgju
2023-08-27,49013.0,2320900.0,tgju
2023-08-28,49076.0,2323450.0,tgju
2023-08-29,49101.0,2342950.0,tgju
2023-08-30,49020.0,2331250.0,tgju
2023-08-31,49020.0,2329400.0,tgju
2023-09-02,49666.0,2371000.0,tgju
2023-09-03,49640.0,2375400.0,tgju
2023-09-04,49604.0,2367800.0,tgju
2023-09-05,49604.0,2362500.0,tgju
2023-09-07,49591.0,2353400.0,tgju
2023-09-09,49665.0,2353800.0,tgju
2023-09-10,49575.0,2346050.0,tgju
2023-09-11,49700.0,2345050.0,tgju
2023-09-12,49931.0,2349500.0,tgju
2023-09-13,49931.0,2348600.0,tgju
2023-09-17,49533.0,2338800.0,tgju
2023-09-18,49645.0,2347200.0,tgju
2023-09-19,49115.0,2336850.0,tgju
2023-09-20,49393.0,2328400.0,tgju
2023-09-21,49393.0,2323400.0,tgju
2023-09-23,49358.0,2317400.0,tgju
2023-09-25,49502.0,2315800.0,tgju
2023-09-26,49448.0,2379800.0,tgju
2023-09-27,49738.0,2287600.0,tgju
2023-09-28,49538.0,2291800.0,tgju
2023-09-30,49554.0,2253000.0,tgju
2023-10-01,49650.0,2260400.0,tgju
2023-10-02,49624.0,2250500.0,tgju
2023-10-04,49901.0,2240100.0,tgju
2023-10-05,49897.0,2243800.0,tgju
2023-10-07,52440.0,2304500.0,tgju
2023-10-08,52753.0,2443900.0,tgju
2023-10-09,52057.0,2453900.0,tgju
2023-10-10,51773.0,2412391.0,tgju
2023-10-11,51553.0,2397500.0,tgju
2023-10-12,51170.0,2396800.0,tgju
2023-10-14,50752.0,2412800.0,tgju
2023-10-15,50298.0,2404900.0,tgju
2023-10-16,50992.0,2346500.0,tgju
2023-10-17,51336.0,2396800.0,tgju
2023-10-18,51253.0,2437000.0,tgju
2023-10-21,50638.0,2396600.0,tgju
2023-10-22,50616.0,2425200.0,tgju
2023-10-23,50754.0,2410900.0,tgju
2023-10-24,51186.0,2431000.0,tgju
2023-10-25,51609.0,2457800.0,tgju
2023-10-27,52149.0,2478300.0,tgju
2023-10-28,51339.0,2527300.0,tgju
2023-10-29,51460.0,2495000.0,tgju
2023-10-30,51638.0,2483700.0,tgju
2023-10-31,51686.0,2496400.0,tgju
2023-11-01,52135.0,2498900.0,tgju
2023-11-03,51140.0,2516200.0,tgju
2023-11-04,51236.0,2463600.0,tgju
2023-11-05,51352.0,2466100.0,tgju
2023-11-06,51219.0,2467000.0,tgju
2023-11-07,51052.0,2440500.0,tgju
2023-11-08,51353.0,2433800.0,tgju
2023-11-10,51325.0,2439100.0,tgju
2023-11-11,51337.0,2422700.0,tgju
2023-11-12,51180.0,2408900.0,tgju
2023-11-13,51151.0,2413200.0,tgju
2023-11-14,50907.0,2418100.0,tgju
2023-11-15,50943.0,2425000.0,tgju
2023-11-17,50640.0,2422900.0,tgju
2023-11-18,50304.0,2432600.0,tgju
2023-11-19,50401.0,2423200.0,tgju
2023-11-20,50199.0,2392700.0,tgju
2023-11-21,50219.0,2421600.0,tgju
2023-11-22,50374.0,2415500.0,tgju
2023-11-24,50428.0,2428700.0,tgju
2023-11-25,50251.0,2451800.0,tgju
2023-11-26,50424.0,2439300.0,tgju
2023-11-27,50623.2,2453810.0,tgju
2023-11-28,50701.0,2456600.0,tgju
2023-11-29,50695.0,2476700.0,tgju
2023-12-01,50483.0,2505800.0,tgju
2023-12-02,50591.0,2528400.0,tgju
2023-12-03,50651.0,2531200.0,tgju
2023-12-04,50501.0,2485300.0,tgju
2023-12-05,50424.0,2494700.0,tgju
2023-12-06,50517.0,2461700.0,tgju
2023-12-08,50531.0,2475100.0,tgju
2023-12-09,50535.0,2450900.0,tgju
2023-12-10,50617.0,2453900.0,tgju
2023-12-11,50464.0,2437500.0,tgju
2023-12-12,50446.0,2445300.0,tgju
2023-12-13,50467.0,2449900.0,tgju
2023-12-15,50467.0,2443500.0,tgju
2023-12-17,50238.0,2460600.0,tgju
2023-12-18,50056.0,2448100.0,tgju
2023-12-19,50071.2,2452600.0,tgju
2023-12-20,50076.0,2454300.0,tgju
2023-12-22,50301.0,2472600.0,tgju
2023-12-23,50069.0,2488700.0,tgju
2023-12-24,50089.0,2455500.0,tgju
2023-12-25,50104.0,2478800.0,tgju
2023-12-26,50345.0,2475600.0,tgju
2023-12-27,50319.0,2506700.0,tgju
2023-12-29,50616.0,2502400.0,tgju
2023-12-30,50563.0,2520800.0,tgju
2023-12-31,50598.0,2504700.0,tgju
2024-01-01,50643.0,2524300.0,tgju
2024-01-02,50829.0,2544600.0,tgju
2024-01-03,51417.0,2562400.0,tgju
2024-01-05,50974.0,2562400.0,tgju
2024-01-06,50976.0,2569100.0,tgju
2024-01-07,50949.0,2582500.0,tgju
2024-01-08,51484.0,2566300.0,tgju
2024-01-09,51978.0,2595200.0,tgju
2024-01-10,51602.0,2607400.0,tgju
2024-01-12,52468.0,2636700.0,tgju
2024-01-13,52086.0,2691700.0,tgju
2024-01-14,52463.0,2656300.0,tgju
2024-01-15,52904.0,2657500.0,tgju
2024-01-16,53651.0,2677400.0,tgju
2024-01-17,54029.0,2701100.0,tgju
2024-01-19,54223.0,2695600.0,tgju
2024-01-20,53908.0,2724900.0,tgju
2024-01-21,54051.0,2704100.0,tgju
2024-01-22,54892.0,2708300.0,tgju
2024-01-23,55659.0,2750800.0,tgju
2024-01-26,56300.0,2752200.0,tgju
2024-01-27,55863.0,2804300.0,tgju
2024-01-28,58299.0,2796500.0,tgju
2024-01-29,58289.0,2909600.0,tgju
2024-01-30,58403.0,2797200.0,tgju
2024-01-31,57649.6,2871120.0,tgju
2024-02-02,56378.0,2884900.0,tgju
2024-02-03,55137.0,2799900.0,tgju
2024-02-04,55388.0,2751000.0,tgju
2024-02-05,55701.5,2752610.0,tgju
2024-02-06,55738.0,2761800.0,tgju
2024-02-09,54902.0,2783800.0,tgju
2024-02-11,55195.0,2754200.0,tgju
2024-02-12,55469.0,2749200.0,tgju
2024-02-13,55580.0,2744500.0,tgju
2024-02-14,56027.0,2756800.0,tgju
2024-02-16,56302.0,2773200.0,tgju
2024-02-18,57130.0,2804100.0,tgju
2024-02-19,56506.0,2822600.0,tgju
2024-02-20,57029.0,2804600.0,tgju
2024-02-21,57271.0,2826000.0,tgju
2024-02-23,57267.0,2832500.0,tgju
2024-02-25,58249.1,2863700.0,tgju
2024-02-26,58605.0,2875700.0,tgju
2024-02-27,58109.0,2917700.0,tgju
2024-02-28,58466.0,2899000.0,tgju
2024-03-01,59313.0,2899400.0,tgju
2024-03-02,59339.0,2989900.0,tgju
2024-03-03,60502.0,2988100.0,tgju
2024-03-04,60947.0,3042910.0,tgju
2024-03-05,60989.0,3107900.0,tgju
2024-03-06,60563.9,3116200.0,tgju
2024-03-08,60534.0,3189900.0,tgju
2024-03-09,59285.0,3137900.0,tgju
2024-03-10,59941.0,3101500.0,tgju
2024-03-11,59709.0,3096600.0,tgju
2024-03-12,59534.0,3076500.0,tgju
2024-03-13,59380.0,3083900.0,tgju
2024-03-15,60108.0,3111100.0,tgju
2024-03-16,60026.0,3138900.0,tgju
2024-03-17,60351.0,3202600.0,tgju
2024-03-23,61810.0,3254500.0,tgju
2024-03-24,61403.0,3261700.0,tgju
2024-03-25,60838.0,3225400.0,tgju
2024-03-26,61395.0,3222400.0,tgju
2024-03-27,61658.0,3238800.0,tgju
2024-03-29,61833.4,3275800.0,tgju
2024-04-01,63290.0,3238800.0,tgju
2024-04-02,63474.0,3436200.0,tgju
2024-04-03,64100.0,3548600.0,tgju
2024-04-05,64700.0,3593700.0,tgju
2024-04-06,64000.0,3629000.0,tgju
2024-04-07,60870.0,3560400.0,tgju
2024-04-08,63700.0,3529700.0,tgju
2024-04-12,64100.0,3731000.0,tgju
2024-04-13,61880.0,3877200.0,tgju
2024-04-14,63840.0,3737900.0,tgju
2024-04-15,61920.0,3749500.0,tgju
2024-04-16,59790.0,3789900.0,tgju
2024-04-17,60090.0,3798000.0,tgju
2024-04-19,62900.0,3769600.0,tgju
2024-04-20,62760.0,3659000.0,tgju
2024-04-21,64010.0,3711900.0,tgju
2024-04-22,61830.0,3640500.0,tgju
2024-04-23,61370.0,3560600.0,tgju
2024-04-24,64420.0,3534100.0,tgju
2024-04-26,60060.0,3522800.0,tgju
2024-04-27,62010.0,3436900.0,tgju
2024-04-28,62750.0,3326300.0,tgju
2024-04-29,64410.0,3498500.0,tgju
2024-04-30,63100.0,3460000.0,tgju
2024-05-01,59730.0,3435700.0,tgju
2024-05-04,60610.0,3449600.0,tgju
2024-05-05,60220.0,3365300.0,tgju
2024-05-06,59720.0,3453100.0,tgju
2024-05-07,59950.0,3428600.0,tgju
2024-05-08,63460.0,3414000.0,tgju
2024-05-10,63370.0,3409000.0,tgju
2024-05-11,60160.0,3410400.0,tgju
2024-05-12,62900.0,3368100.0,tgju
2024-05-13,59500.0,3346900.0,tgju
2024-05-14,59730.0,3346900.0,tgju
2024-05-15,60060.0,3371300.0,tgju
2024-05-17,60770.0,3363500.0,tgju
2024-05-18,60860.0,3306500.0,tgju
2024-05-19,60560.0,3599900.0,tgju
2024-05-20,60470.0,3369300.0,tgju
2024-05-21,60100.0,3362230.0,tgju
2024-05-22,60070.0,3300100.0,tgju
2024-05-24,61450.0,3326500.0,tgju
2024-05-25,61220.0,3276400.0,tgju
2024-05-26,61410.0,3289600.0,tgju
2024-05-27,59820.0,3350600.0,tgju
2024-05-28,61650.0,3396300.0,tgju
2024-05-29,60540.0,3381700.0,tgju
2024-05-31,59960.0,3369300.0,tgju
2024-06-01,60310.0,3334600.0,tgju
2024-06-04,59980.0,3394200.0,tgju
2024-06-05,60190.0,3358900.0,tgju
2024-06-07,60390.0,3367600.0,tgju
2024-06-08,61160.0,3332100.0,tgju
2024-06-09,60850.0,3333700.0,tgju
2024-06-10,60990.0,3310200.0,tgju
2024-06-11,60830.0,3297700.0,tgju
2024-06-12,61590.0,3321700.0,tgju
2024-06-14,59650.0,3312200.0,tgju
2024-06-15,60260.0,3350100.0,tgju
2024-06-17,60470.0,3344800.0,tgju
2024-06-18,59610.0,3349120.0,tgju
2024-06-19,61480.0,3356100.0,tgju
2024-06-21,60120.0,3366700.0,tgju
2024-06-22,60270.0,3363500.0,tgju
2024-06-23,60450.0,3412700.0,tgju
2024-06-25,60120.0,3443800.0,tgju
2024-06-26,60320.0,3437800.0,tgju
2024-06-28,61020.0,3497800.0,tgju
2024-06-29,61691.0,3513100.0,tgju
2024-06-30,61362.0,3548600.0,tgju
2024-07-01,60814.0,3520000.0,tgju
2024-07-02,60375.0,3479600.0,tgju
2024-07-03,60876.0,3481700.0,tgju
2024-07-05,59830.0,3466900.0,tgju
2024-07-06,58851.0,3434100.0,tgju
2024-07-07,58852.0,3409200.0,tgju
2024-07-08,58879.0,3393500.0,tgju
2024-07-09,58510.0,3340200.0,tgju
2024-07-10,57965.0,3361600.0,tgju
2024-07-12,57990.0,3362300.0,tgju
2024-07-13,57917.0,3384300.0,tgju
2024-07-16,57330.0,3419400.0,tgju
2024-07-17,57220.0,3395600.0,tgju
2024-07-19,57577.0,3387700.0,tgju
2024-07-20,57611.0,3362800.0,tgju
2024-07-21,57596.0,3361200.0,tgju
2024-07-22,58176.0,3351500.0,tgju
2024-07-23,58460.0,3374600.0,tgju
2024-07-24,58761.0,3374600.0,tgju
2024-07-26,58646.0,3372500.0,tgju
2024-07-27,59084.0,3387700.0,tgju
2024-07-28,58940.0,3405000.0,tgju
2024-07-29,59350.0,3426500.0,tgju
2024-07-30,60040.0,3462100.0,tgju
2024-07-31,60600.0,3567100.0,tgju
2024-08-02,61527.0,3619300.0,tgju
2024-08-03,60900.0,3646800.0,tgju
2024-08-04,61490.0,3600100.0,tgju
2024-08-05,61140.0,3541700.0,tgju
2024-08-06,61401.0,3517500.0,tgju
2024-08-07,61000.0,3574000.0,tgju
2024-08-09,59770.0,3560600.0,tgju
2024-08-10,59410.0,3502900.0,tgju
2024-08-11,60025.0,3476100.0,tgju
2024-08-12,59570.0,3542900.0,tgju
2024-08-13,58835.0,3496900.0,tgju
2024-08-14,58765.0,3479400.0,tgju
2024-08-16,57705.0,3467400.0,tgju
2024-08-18,58050.0,3478200.0,tgju
2024-08-19,57985.0,3559300.0,tgju
2024-08-20,58160.0,3573600.0,tgju
2024-08-21,58410.0,3576800.0,tgju
2024-08-23,58265.0,3584200.0,tgju
2024-08-25,59320.0,3587400.0,tgju
2024-08-26,59125.0,3618600.0,tgju
2024-08-27,59000.0,3589500.0,tgju
2024-08-28,59395.0,3613700.0,tgju
2024-08-30,59480.0,3633800.0,tgju
2024-08-31,59900.0,3628700.0,tgju
2024-09-02,59890.0,3674500.0,tgju
2024-09-04,59900.0,3644000.0,tgju
2024-09-06,59750.0,3647200.0,tgju
2024-09-07,59450.0,3602900.0,tgju
2024-09-08,59675.0,3607500.0,tgju
2024-09-09,59615.0,3629700.0,tgju
2024-09-10,59750.0,3648800.0,tgju
2024-09-13,59390.0,3662500.0,tgju
2024-09-14,59040.0,3703300.0,tgju
2024-09-15,59100.0,3691100.0,tgju
2024-09-16,59515.0,3711200.0,tgju
2024-09-17,59235.0,3733300.0,tgju
2024-09-18,59230.0,3731000.0,tgju
2024-09-21,59550.0,3739800.0,tgju
2024-09-22,59780.0,3805800.0,tgju
2024-09-23,60485.0,3851100.0,tgju
2024-09-24,59715.0,3904900.0,tgju
2024-09-25,60030.0,3876900.0,tgju
2024-09-27,60700.0,3905600.0,tgju
2024-09-28,60610.0,4025800.0,tgju
2024-09-29,60375.0,3976200.0,tgju
2024-09-30,61495.0,3949000.0,tgju
2024-10-01,62255.0,4050500.0,tgju
2024-10-02,62690.0,4063000.0,tgju
2024-10-04,62390.0,4104600.0,tgju
2024-10-05,63455.0,4075000.0,tgju
2024-10-06,62845.0,4138300.0,tgju
2024-10-07,62545.0,4100400.0,tgju
2024-10-08,62935.0,4033200.0,tgju
2024-10-09,63550.0,4068800.0,tgju
2024-10-11,62495.0,4093500.0,tgju
2024-10-12,62845.0,4035500.0,tgju
2024-10-13,63150.0,4082400.0,tgju
2024-10-14,62765.0,4106400.0,tgju
2024-10-15,63335.0,4101800.0,tgju
2024-10-16,63660.0,4163400.0,tgju
2024-10-18,63960.0,4180300.0,tgju
2024-10-19,64195.0,4253700.0,tgju
2024-10-20,64855.0,4277500.0,tgju
2024-10-21,66150.0,4324100.0,tgju
2024-10-22,67730.0,4436500.0,tgju
2024-10-23,67950.0,4565600.0,tgju
2024-10-25,65530.0,4597700.0,tgju
2024-10-26,66085.0,4376300.0,tgju
2024-10-27,67480.0,4447900.0,tgju
2024-10-28,68400.0,4537200.0,tgju
2024-10-29,69240.0,4626300.0,tgju
2024-10-30,68230.0,4754200.0,tgju
2024-11-01,69480.0,4611500.0,tgju
2024-11-02,69325.0,4659600.0,tgju
2024-11-03,68960.0,4680800.0,tgju
2024-11-04,68890.0,4617100.0,tgju
2024-11-05,69625.0,4609200.0,tgju
2024-11-06,69045.0,4566100.0,tgju
2024-11-08,69220.0,4546200.0,tgju
2024-11-09,68265.0,4544800.0,tgju
2024-11-10,66920.0,4444200.0,tgju
2024-11-11,67820.0,4244700.0,tgju
2024-11-12,68440.0,4322700.0,tgju
2024-11-13,68330.0,4376100.0,tgju
2024-11-15,68240.0,4298500.0,tgju
2024-11-16,68175.0,4295300.0,tgju
2024-11-17,68445.0,4288800.0,tgju
2024-11-18,68905.0,4358300.0,tgju
2024-11-19,68930.0,4442600.0,tgju
2024-11-20,69225.0,4494000.0,tgju
2024-11-22,69905.0,4519900.0,tgju
2024-11-23,68960.0,4661400.0,tgju
2024-11-24,69370.0,4566300.0,tgju
2024-11-25,69595.0,4473900.0,tgju
2024-11-26,69905.0,4469300.0,tgju
2024-11-27,70140.0,4510900.0,tgju
2024-11-29,70400.0,4561700.0,tgju
2024-11-30,69900.0,4575800.0,tgju
2024-12-01,70415.0,4565100.0,tgju
2024-12-02,71095.0,4589800.0,tgju
2024-12-03,71480.0,4621200.0,tgju
2024-12-06,71560.0,4686100.0,tgju
2024-12-07,71920.0,4614500.0,tgju
2024-12-08,71885.0,4657700.0,tgju
2024-12-09,72320.0,4694000.0,tgju
2024-12-10,73195.0,4757200.0,tgju
2024-12-11,72960.0,4863200.0,tgju
2024-12-13,74715.0,4819100.0,tgju
2024-12-14,74710.0,4868300.0,tgju
2024-12-15,75950.0,4846300.0,tgju
2024-12-16,76630.0,4943100.0,tgju
2024-12-17,77365.0,4910500.0,tgju
2024-12-18,76755.0,4967300.0,tgju
2024-12-20,76240.0,4871500.0,tgju
2024-12-21,76280.0,4890200.0,tgju
2024-12-22,77880.0,4907500.0,tgju
2024-12-23,78660.0,4989000.0,tgju
2024-12-24,78595.0,5049000.0,tgju
2024-12-25,79385.0,5076300.0,tgju
2024-12-27,81060.0,5142100.0,tgju
2024-12-28,79715.0,5262100.0,tgju
2024-12-29,81320.0,5162900.0,tgju
2024-12-30,81305.0,5229800.0,tgju
2024-12-31,81230.0,5243000.0,tgju
2025-01-01,80635.0,5216900.0,tgju
2025-01-03,79835.0,5198200.0,tgju
2025-01-04,79545.0,5159600.0,tgju
2025-01-05,79345.0,5121300.0,tgju
2025-01-06,80080.0,5116900.0,tgju
2025-01-07,80410.0,5224700.0,tgju
2025-01-08,81390.0,5273200.0,tgju
2025-01-10,81950.0,5283100.0,tgju
2025-01-11,80665.0,5352400.0,tgju
2025-01-12,81460.0,5283600.0,tgju
2025-01-14,80485.0,5276200.0,tgju
2025-01-15,80070.0,5258200.0,tgju
2025-01-17,80530.0,5235600.0,tgju
2025-01-18,80670.0,5254300.0,tgju
2025-01-19,81020.0,5249200.0,tgju
2025-01-20,82335.0,5280100.0,tgju
2025-01-21,82570.0,5446600.0,tgju
2025-01-22,83905.0,5482800.0,tgju
2025-01-24,83390.0,5518200.0,tgju
2025-01-25,83880.0,5557900.0,tgju
2025-01-26,83930.0,5608400.0,tgju
2025-01-28,83230.0,5598700.0,tgju
2025-01-29,83510.0,5535700.0,tgju
2025-01-31,83765.0,5583300.0,tgju
2025-02-01,84050.0,5647400.0,tgju
2025-02-02,83865.0,5663400.0,tgju
2025-02-03,84595.0,5704200.0,tgju
2025-02-04,85270.0,5773000.0,tgju
2025-02-05,85460.0,5902500.0,tgju
2025-02-07,88960.0,5965100.0,tgju
2025-02-08,91365.0,6328500.0,tgju
2025-02-10,88150.0,6618500.0,tgju
2025-02-11,88350.0,6395700.0,tgju
2025-02-12,89060.0,6385100.0,tgju
2025-02-14,90615.0,6550600.0,tgju
2025-02-15,90705.0,6507900.0,tgju
2025-02-16,90820.0,6511100.0,tgju
2025-02-17,91995.0,6476900.0,tgju
2025-02-18,92170.0,6581500.0,tgju
2025-02-19,93070.0,6758100.0,tgju
2025-02-21,93580.0,6850900.0,tgju
2025-02-22,92740.0,6792500.0,tgju
2025-02-23,91315.0,6742000.0,tgju
2025-02-24,91830.0,6655600.0,tgju
2025-02-25,92595.0,6733400.0,tgju
2025-02-26,92520.0,6718700.0,tgju
2025-02-28,92160.0,6449200.0,tgju
2025-03-01,92230.0,6437500.0,tgju
2025-03-02,90735.0,6464000.0,tgju
2025-03-03,90480.0,6377700.0,tgju
2025-03-04,88490.0,6449500.0,tgju
2025-03-05,89170.0,6391100.0,tgju
2025-03-07,91220.0,6615900.0,tgju
2025-03-08,92210.0,6842200.0,tgju
2025-03-09,92385.0,6721200.0,tgju
2025-03-10,92285.0,6735500.0,tgju
2025-03-11,92680.0,6665800.0,tgju
2025-03-12,92305.0,6726300.0,tgju
2025-03-14,91135.0,6811700.0,tgju
2025-03-15,93130.0,6870800.0,tgju
2025-03-16,94320.0,7377100.0,tgju
2025-03-17,97780.0,7698200.0,tgju
2025-03-24,101785.0,8111200.0,tgju
2025-03-25,101920.0,7938100.0,tgju
2025-03-26,102190.0,7995100.0,tgju
2025-03-28,103895.0,8114700.0,tgju
2025-03-29,102780.0,8282100.0,tgju
2025-04-04,102565.0,8246100.0,tgju
2025-04-05,104520.0,7721800.0,tgju
2025-04-06,105555.0,7983600.0,tgju
2025-04-07,99795.0,7824300.0,tgju
2025-04-08,99970.0,7372500.0,tgju
2025-04-09,100890.0,7542200.0,tgju
2025-04-11,96215.0,7637300.0,tgju
2025-04-12,85990.0,7376200.0,tgju
2025-04-13,88080.0,6623100.0,tgju
2025-04-14,87980.0,7035400.0,tgju
2025-04-15,87700.0,6744300.0,tgju
2025-04-16,85595.0,6974900.0,tgju
2025-04-18,83190.0,6868500.0,tgju
2025-04-19,82790.0,6550100.0,tgju
2025-04-20,81975.0,6557100.0,tgju
2025-04-21,80835.0,6633500.0,tgju
2025-04-22,80875.0,6573400.0,tgju
2025-04-25,82360.0,6509500.0,tgju
2025-04-26,82700.0,6661400.0,tgju
2025-04-27,81265.0,6590100.0,tgju
2025-04-28,80965.0,6486200.0,tgju
2025-04-29,81390.0,6490100.0,tgju
2025-04-30,81945.0,6488500.0,tgju
2025-05-02,85690.0,6425500.0,tgju
2025-05-03,85870.0,6777100.0,tgju
2025-05-04,84440.0,6764100.0,tgju
2025-05-05,82465.0,6779600.0,tgju
2025-05-06,82050.0,6689300.0,tgju
2025-05-07,83060.0,6663500.0,tgju
2025-05-09,83550.0,6700900.0,tgju
2025-05-10,83195.0,6718700.0,tgju
2025-05-11,83490.0,6566500.0,tgju
2025-05-12,83500.0,6600900.0,tgju
2025-05-13,83210.0,6574600.0,tgju
2025-05-14,83110.0,6465200.0,tgju
2025-05-16,82335.0,6442300.0,tgju
2025-05-17,81800.0,6307500.0,tgju
2025-05-18,81855.0,6293400.0,tgju
2025-05-19,84065.0,6414100.0,tgju
2025-05-20,83190.0,6591000.0,tgju
2025-05-21,82710.0,6483400.0,tgju
2025-05-23,82915.0,6529600.0,tgju
2025-05-24,82350.0,6570700.0,tgju
2025-05-25,82250.0,6418300.0,tgju
2025-05-26,82830.0,6473500.0,tgju
2025-05-27,82685.0,6459900.0,tgju
2025-05-28,82270.0,6430300.0,tgju
2025-05-30,82740.0,6513600.0,tgju
2025-05-31,82250.0,6447600.0,tgju
2025-06-01,82365.0,6416900.0,tgju
2025-06-02,82385.0,6613200.0,tgju
2025-06-06,82070.0,6628400.0,tgju
2025-06-07,82285.0,6432600.0,tgju
2025-06-08,82495.0,6571400.0,tgju
2025-06-09,81910.0,6550400.0,tgju
2025-06-10,82740.0,6463100.0,tgju
2025-06-11,83535.0,6581300.0,tgju
2025-06-25,83680.0,6682900.0,tgju
2025-06-27,84570.0,6717300.0,tgju
2025-06-28,88120.0,6742200.0,tgju
2025-06-29,90695.0,7087100.0,tgju
2025-06-30,91720.0,7341800.0,tgju
2025-07-01,91390.0,7402500.0,tgju
2025-07-02,91600.0,7492500.0,tgju
2025-07-06,88370.0,7439000.0,tgju
2025-07-07,87040.0,7146500.0,tgju
2025-07-08,87830.0,6947700.0,tgju
2025-07-09,88285.0,7046500.0,tgju
2025-07-11,87090.0,7065600.0,tgju
2025-07-12,88900.0,6964100.0,tgju
2025-07-14,89420.0,7171600.0,tgju
2025-07-15,88490.0,7122400.0,tgju
2025-07-16,88740.0,7127800.0,tgju
2025-07-18,87560.0,7080400.0,tgju
2025-07-19,86760.0,6984200.0,tgju
2025-07-20,87895.0,6942800.0,tgju
2025-07-21,88110.0,7149000.0,tgju
2025-07-22,87990.0,7249900.0,tgju
2025-07-23,88440.0,7134700.0,tgju
2025-07-25,88050.0,7108600.0,tgju
2025-07-26,88000.0,7011900.0,tgju
2025-07-27,89205.0,7028200.0,tgju
2025-07-28,89250.0,7125000.0,tgju
2025-07-29,89600.0,7145500.0,tgju
2025-07-30,90560.0,7149900.0,tgju
2025-08-01,91180.0,7211600.0,tgju
2025-08-02,92400.0,7396500.0,tgju
2025-08-03,93800.0,7512600.0,tgju
2025-08-04,93410.0,7674700.0,tgju
2025-08-05,92960.0,7649700.0,tgju
2025-08-06,93450.0,7594100.0,tgju
2025-08-09,91830.0,7595300.0,tgju
2025-08-10,92000.0,7457900.0,tgju
2025-08-11,93275.0,7492500.0,tgju
2025-08-12,92490.0,7497400.0,tgju
2025-08-13,93670.0,7579100.0,tgju
2025-08-16,92760.0,7622500.0,tgju
2025-08-17,93290.0,7399700.0,tgju
2025-08-18,93850.0,7512100.0,tgju
2025-08-19,93345.0,7586700.0,tgju
2025-08-20,93750.0,7595900.0,tgju
2025-08-21,95060.0,7732400.0,tgju
2025-08-23,94100.0,7845500.0,tgju
2025-08-25,95800.0,7765400.0,tgju
2025-08-26,96650.0,7863800.0,tgju
2025-08-27,100000.0,8094800.0,tgju
2025-08-28,98900.0,8297500.0,tgju
2025-08-30,102620.0,8344600.0,tgju
2025-08-31,104830.0,8610100.0,tgju
2025-09-02,103200.0,8941700.0,tgju
2025-09-03,102570.0,8766900.0,tgju
2025-09-04,101440.0,8762100.0,tgju
2025-09-06,102980.0,8614100.0,tgju
2025-09-07,102680.0,8765100.0,tgju
2025-09-08,101100.0,8818800.0,tgju
2025-09-09,100830.0,8805900.0,tgju
2025-09-11,99300.0,8852300.0,tgju
2025-09-13,97685.0,8647500.0,tgju
2025-09-14,97980.0,8460500.0,tgju
2025-09-15,99255.0,8424500.0,tgju
2025-09-16,99645.0,8678900.0,tgju
2025-09-17,99235.0,8844900.0,tgju
2025-09-18,98845.0,8843300.0,tgju
2025-09-20,102610.0,8741700.0,tgju
2025-09-21,105860.0,9234900.0,tgju
2025-09-22,104000.0,9674400.0,tgju
2025-09-23,103490.0,9358800.0,tgju
2025-09-24,107205.0,9649700.0,tgju
2025-09-25,108290.0,9946200.0,tgju
2025-09-27,110120.0,10000000.0,tgju
2025-09-28,110520.0,10356400.0,tgju
2025-09-29,112040.0,10160600.0,tgju
2025-09-30,114130.0,10461500.0,tgju
2025-10-01,115440.0,10690900.0,tgju
2025-10-02,117860.0,10904900.0,tgju
2025-10-04,115380.0,11082700.0,tgju
2025-10-05,113870.0,10954400.0,tgju
2025-10-06,111160.0,10603900.0,tgju
2025-10-07,113970.0,10530300.0,tgju
2025-10-08,115690.0,10930300.0,tgju
2025-10-09,113285.0,11371100.0,tgju
2025-10-11,112700.0,11141400.0,tgju
2025-10-12,112140.0,10920000.0,tgju
2025-10-13,111200.0,10844000.0,tgju
2025-10-14,108890.0,10934700.0,tgju
2025-10-15,109580.0,10844500.0,tgju
2025-10-16,110250.0,11169800.0,tgju
2025-10-18,106500.0,11273400.0,tgju
2025-10-19,108340.0,10846500.0,tgju
2025-10-20,106410.0,11083400.0,tgju
2025-10-21,108890.0,10973300.0,tgju
2025-10-22,107560.0,10914900.0,tgju
2025-10-23,108480.0,10861300.0,tgju
2025-10-25,107020.0,10893400.0,tgju
2025-10-26,107840.0,10647100.0,tgju
2025-10-27,107980.0,10745200.0,tgju
2025-10-28,106930.0,10545700.0,tgju
2025-10-29,106910.0,10350900.0,tgju
2025-10-30,107300.0,10457500.0,tgju
2025-11-01,108870.0,10381600.0,tgju
2025-11-02,108320.0,10629100.0,tgju
2025-11-03,107970.0,10485500.0,tgju
2025-11-04,108215.0,10457300.0,tgju
2025-11-05,107860.0,10503900.0,tgju
2025-11-06,107840.0,10471800.0,tgju
2025-11-08,107805.0,10503900.0,tgju
2025-11-09,107860.0,10430300.0,tgju
2025-11-10,107670.0,10456800.0,tgju
2025-11-11,109840.0,10567900.0,tgju
2025-11-12,112610.0,11242699.0,tgju
2025-11-13,112530.0,11397600.0,tgju
2025-11-15,112830.0,11556000.0,tgju
2025-11-16,112190.0,11226500.0,tgju
2025-11-17,112495.0,11104900.0,tgju
2025-11-18,112550.0,11182700.0,tgju
2025-11-19,113360.0,11127300.0,tgju
2025-11-20,113520.0,11347700.0,tgju
2025-11-22,112910.0,11348900.0,tgju
2025-11-23,113760.0,11126800.0,tgju
2025-11-25,113460.0,11276600.0,tgju
2025-11-26,113640.0,11357900.0,tgju
2025-11-27,114170.0,11497800.0,tgju
2025-11-29,115860.0,11467500.0,tgju
2025-11-30,117380.0,11833000.0,tgju
2025-12-01,118975.0,12055700.0,tgju
2025-12-02,118695.0,12212000.0,tgju
2025-12-03,120455.0,12118500.0,tgju
2025-12-04,119705.0,12294000.0,tgju
2025-12-06,121995.0,12250100.0,tgju
2025-12-07,124005.0,12448400.0,tgju
2025-12-08,126280.0,12708300.0,tgju
2025-12-09,124870.0,12809900.0,tgju
2025-12-10,124930.0,12681600.0,tgju
2025-12-11,125750.0,12682300.0,tgju
2025-12-13,128990.0,12830900.0,tgju
2025-12-14,129690.0,13358000.0,tgju
2025-12-15,130360.0,13714200.0,tgju
2025-12-16,129870.0,13599900.0,tgju
2025-12-17,132070.0,13659200.0,tgju
2025-12-18,131630.0,13909900.0,tgju
2025-12-20,132200.0,13744400.0,tgju
2025-12-21,131225.0,13787800.0,tgju
2025-12-22,132950.0,13648800.0,tgju
2025-12-23,134750.0,13939900.0,tgju
2025-12-24,135390.0,14320600.0,tgju
2025-12-25,134390.0,14449400.0,tgju
2025-12-27,138830.0,14355700.0,tgju
2025-12-28,141910.0,15346700.0,tgju
2025-12-29,137720.0,15814400.0,tgju
2025-12-30,139570.0,14357800.0,tgju
2025-12-31,135565.0,14753200.0,tgju
2026-01-01,135680.0,14100800.0,tgju
2026-01-04,137940.0,14200100.0,tgju
2026-01-05,143760.0,14725300.0,tgju
2026-01-06,147015.0,15684500.0,tgju
2026-01-07,147520.0,16053600.0,tgju
2026-01-08,146040.0,16128400.0,tgju
2026-01-10,145500.0,15809800.0,tgju
2026-01-11,145540.0,15857600.0,tgju
2026-01-12,145510.0,15858100.0,tgju
2026-01-13,145540.0,15858100.0,tgju
2026-01-14,145510.0,15856700.0,tgju
2026-01-15,145510.0,15856400.0,tgju
2026-01-17,145510.0,15856900.0,tgju
2026-01-18,145530.0,15856900.0,tgju
2026-01-19,145500.0,15856000.0,tgju
2026-01-20,145540.0,15856000.0,tgju
2026-01-21,145525.0,15856200.0,tgju
2026-01-22,140300.0,15856000.0,tgju
2026-01-24,141000.0,15856200.0,tgju
2026-01-25,142174.0,16341900.0,tgju
2026-01-26,146465.0,16482500.0,tgju
2026-01-27,151760.0,17243900.0,tgju
2026-01-28,159560.0,18271600.0,tgju
2026-01-29,158440.0,22345400.0,tgju
2026-01-31,162960.0,20614500.0,tgju
2026-02-01,158955.0,19669600.0,tgju
2026-02-02,154440.0,18884100.0,tgju
2026-02-03,156850.0,17659200.0,tgju
2026-02-05,162240.0,19234700.0,tgju
2026-02-07,156470.0,19356600.0,tgju
2026-02-08,158950.0,18099900.0,tgju
2026-02-09,161230.0,18779000.0,tgju
2026-02-10,163240.0,19360100.0,tgju
2026-02-12,162550.0,19952900.0,tgju
2026-02-14,158390.0,19530200.0,tgju
2026-02-15,159730.0,18582800.0,tgju
2026-02-16,159960.0,19179500.0,tgju
2026-02-17,160860.0,18697100.0,tgju
2026-02-18,162335.0,18826300.0,tgju
2026-02-19,163640.0,19424900.0,tgju
2026-02-21,164570.0,19886000.0,tgju
2026-02-22,163265.0,19678900.0,tgju
2026-02-23,163470.0,19644500.0,tgju
2026-02-24,163945.0,19892000.0,tgju
2026-02-25,165130.0,19803800.0,tgju
2026-02-26,165370.0,20440700.0,tgju
2026-02-28,166360.0,20044500.0,tgju
2026-03-01,166370.0,20123700.0,tgju
2026-03-02,166340.0,20122600.0,tgju
2026-03-03,166355.0,20124000.0,tgju
2026-03-04,166370.0,20123000.0,tgju
2026-03-05,166330.0,20124200.0,tgju
2026-03-07,166370.0,20124200.0,tgju
2026-03-08,166350.0,20122100.0,tgju
2026-03-09,166350.0,20123700.0,tgju
2026-03-10,166370.0,20122800.0,tgju
2026-03-11,166350.0,20124000.0,tgju
2026-03-12,166360.0,20122300.0,tgju
2026-03-14,166360.0,20122600.0,tgju
2026-03-15,147000.0,16923000.0,tgju
2026-03-16,143700.0,18003100.0,tgju
2026-03-17,145120.0,17000000.0,tgju
2026-03-18,156390.0,17969700.0,tgju
2026-03-19,159280.0,17576100.0,tgju
2026-03-23,158780.0,17429700.0,tgju
2026-03-24,157770.0,17428100.0,tgju
2026-03-25,157730.0,17429900.0,tgju
2026-03-26,158580.0,17546300.0,tgju
2026-03-28,158580.0,17490500.0,tgju
2026-03-29,158560.0,17490900.0,tgju
2026-03-30,158550.0,17489300.0,tgju
2026-03-31,158575.0,17490700.0,tgju
2026-04-01,158570.0,17490700.0,tgju
2026-04-02,158560.0,17488900.0,tgju
2026-04-04,158570.0,17491200.0,tgju
2026-04-05,157000.0,17490500.0,tgju
2026-04-07,160500.0,17891200.0,tgju
2026-04-08,154340.0,18005400.0,tgju
2026-04-09,156490.0,17971300.0,tgju
2026-04-11,153610.0,18030400.0,tgju
2026-04-12,156570.0,17590600.0,tgju
2026-04-13,159110.0,17926300.0,tgju
2026-04-14,159110.0,18074500.0,tgju
2026-04-15,152480.0,18076100.0,tgju
2026-04-16,152120.0,17613500.0,tgju
2026-04-18,147680.0,17528700.0,tgju
2026-04-19,149020.0,17164000.0,tgju
2026-04-20,151190.0,17145200.0,tgju
2026-04-21,152520.0,17056700.0,tgju
2026-04-22,155220.0,17114000.0,tgju
2026-04-23,154990.0,17255900.0,tgju
2026-04-25,156000.0,17197700.0,tgju
2026-04-26,156495.0,17268800.0,tgju
2026-04-27,158890.0,17221700.0,tgju
2026-04-28,165890.0,17649200.0,tgju
2026-04-29,175390.0,18700100.0,tgju
2026-04-30,177910.0,19852900.0,tgju
